TIMESTAMP;DEVICE;CAPACITANCE
2017/11/08 12:50:30;03,02;0.00,10.00,22.00,22.00,31.00,10.00,0.00,-1.00 
2017/11/08 12:50:30;03,02;-1.00,10.00,23.00,33.00,34.00,11.00,1.00,-1.00 
2017/11/08 12:50:30;03,02;-2.00,11.00,22.00,22.00,28.00,10.00,0.00,-1.00 
2017/11/08 12:50:30;03,02;-1.00,11.00,22.00,31.00,35.00,10.00,2.00,-1.00 
2017/11/08 12:50:30;01,06;-7.00,0.00,0.00,-17.00,-1.00,1.00,-12.00,-31.00 
2017/11/08 12:50:30;03,02;-1.00,9.00,21.00,35.00,36.00,9.00,0.00,-1.00 
2017/11/08 12:50:31;03,04;-1.00,-1.00,-2.00,0.00,2.00,-1.00,-1.00,0.00 
2017/11/08 12:50:31;01,06;-2.00,-1.00,0.00,-17.00,0.00,1.00,-12.00,-25.00 
2017/11/08 12:50:31;01,06;-3.00,-1.00,1.00,-17.00,1.00,1.00,-12.00,-26.00 
2017/11/08 12:50:31;03,04;-1.00,-1.00,-1.00,0.00,0.00,-1.00,-1.00,0.00 
2017/11/08 12:50:31;03,02;0.00,10.00,19.00,24.00,28.00,9.00,-1.00,0.00 
2017/11/08 12:50:31;01,06;-2.00,0.00,2.00,-17.00,2.00,-2.00,-13.00,-23.00 
2017/11/08 12:50:31;03,04;-1.00,-1.00,-1.00,0.00,0.00,-1.00,-1.00,0.00 
2017/11/08 12:50:32;03,04;-1.00,-1.00,-1.00,0.00,0.00,-1.00,-1.00,0.00 
2017/11/08 12:50:32;03,02;1.00,8.00,22.00,33.00,36.00,13.00,0.00,-1.00 
2017/11/08 12:50:32;03,02;1.00,8.00,19.00,25.00,37.00,15.00,0.00,0.00 
2017/11/08 12:50:33;03,02;1.00,7.00,18.00,35.00,42.00,12.00,-1.00,1.00 
2017/11/08 12:50:35;03,02;0.00,6.00,16.00,23.00,34.00,12.00,-1.00,0.00 
2017/11/08 12:50:35;03,02;-1.00,8.00,17.00,25.00,37.00,13.00,-1.00,-1.00 
2017/11/08 12:50:36;03,02;0.00,8.00,18.00,23.00,40.00,12.00,-2.00,-1.00 
2017/11/08 12:50:36;03,02;0.00,7.00,16.00,25.00,35.00,12.00,-2.00,-1.00 
2017/11/08 12:50:37;03,02;-1.00,7.00,16.00,24.00,31.00,12.00,-2.00,-1.00 
2017/11/08 12:50:37;03,02;0.00,8.00,17.00,29.00,44.00,12.00,-2.00,-2.00 
2017/11/08 12:50:38;03,02;0.00,7.00,17.00,28.00,33.00,13.00,-2.00,-1.00 
2017/11/08 12:50:38;03,02;-1.00,6.00,18.00,20.00,29.00,12.00,-3.00,0.00 
2017/11/08 12:50:38;03,02;0.00,7.00,17.00,28.00,42.00,11.00,-3.00,0.00 
2017/11/08 12:50:39;03,02;-1.00,3.00,14.00,30.00,40.00,11.00,-1.00,-1.00 
2017/11/08 12:50:40;03,02;-2.00,7.00,14.00,34.00,43.00,11.00,0.00,1.00 
2017/11/08 12:50:42;01,06;-1.00,0.00,2.00,-14.00,1.00,-1.00,-9.00,-20.00 
2017/11/08 12:50:42;01,06;-2.00,-1.00,1.00,-14.00,1.00,0.00,-9.00,-22.00 
2017/11/08 12:50:42;01,06;-4.00,0.00,0.00,-13.00,1.00,0.00,-8.00,-23.00 
2017/11/08 12:50:43;01,06;-6.00,0.00,0.00,-13.00,-2.00,0.00,-9.00,-25.00 
2017/11/08 12:50:43;03,02;-1.00,5.00,17.00,32.00,39.00,4.00,-3.00,0.00 
2017/11/08 12:50:43;03,02;0.00,4.00,17.00,32.00,33.00,4.00,-2.00,-2.00 
2017/11/08 12:50:45;03,02;1.00,5.00,18.00,41.00,25.00,-8.00,-1.00,0.00 
2017/11/08 12:50:46;03,02;0.00,5.00,19.00,36.00,20.00,-8.00,-1.00,-1.00 
2017/11/08 12:50:46;03,02;0.00,5.00,17.00,35.00,25.00,-8.00,-3.00,0.00 
2017/11/08 12:50:46;03,02;1.00,6.00,19.00,45.00,21.00,-2.00,-1.00,0.00 
2017/11/08 12:50:46;03,02;1.00,5.00,22.00,44.00,6.00,3.00,2.00,0.00 
2017/11/08 12:50:46;03,02;1.00,6.00,21.00,43.00,4.00,4.00,5.00,1.00 
2017/11/08 12:50:46;03,02;0.00,2.00,18.00,32.00,69.00,7.00,2.00,-2.00 
2017/11/08 12:50:46;03,02;0.00,4.00,17.00,36.00,37.00,9.00,4.00,-1.00 
2017/11/08 12:50:47;03,02;0.00,2.00,14.00,36.00,49.00,12.00,3.00,0.00 
2017/11/08 12:50:47;03,02;-1.00,1.00,11.00,28.00,43.00,15.00,5.00,1.00 
2017/11/08 12:50:47;03,02;1.00,-2.00,9.00,22.00,35.00,19.00,7.00,0.00 
2017/11/08 12:50:47;03,02;0.00,-5.00,7.00,29.00,35.00,22.00,9.00,1.00 
2017/11/08 12:50:47;03,02;-1.00,-7.00,5.00,26.00,33.00,24.00,13.00,2.00 
2017/11/08 12:50:47;03,02;-2.00,-6.00,4.00,29.00,28.00,24.00,16.00,0.00 
2017/11/08 12:50:47;03,02;0.00,-7.00,2.00,25.00,22.00,25.00,16.00,3.00 
2017/11/08 12:50:48;03,02;-1.00,-6.00,4.00,26.00,19.00,22.00,16.00,3.00 
2017/11/08 12:50:48;03,02;1.00,-2.00,4.00,36.00,24.00,18.00,17.00,3.00 
2017/11/08 12:50:48;03,02;1.00,0.00,6.00,34.00,36.00,22.00,14.00,2.00 
2017/11/08 12:50:49;01,07;-2.00,-1.00,-1.00,0.00,1.00,-1.00,4.00,0.00 
2017/11/08 12:50:49;01,07;-2.00,-1.00,0.00,1.00,2.00,0.00,4.00,1.00 
2017/11/08 12:50:50;01,07;-2.00,0.00,-1.00,0.00,1.00,1.00,9.00,0.00 
2017/11/08 12:50:50;01,07;-2.00,-1.00,-1.00,-1.00,-1.00,2.00,12.00,1.00 
2017/11/08 12:50:50;01,07;0.00,0.00,0.00,0.00,0.00,1.00,5.00,2.00 
2017/11/08 12:50:50;03,02;0.00,-3.00,4.00,30.00,36.00,25.00,12.00,0.00 
2017/11/08 12:50:50;01,07;-2.00,-1.00,0.00,1.00,-1.00,1.00,5.00,2.00 
2017/11/08 12:50:51;01,07;-2.00,1.00,-1.00,0.00,-1.00,0.00,3.00,1.00 
2017/11/08 12:50:51;03,02;1.00,-4.00,4.00,31.00,39.00,24.00,11.00,1.00 
2017/11/08 12:50:51;03,02;0.00,-2.00,3.00,28.00,37.00,28.00,10.00,0.00 
2017/11/08 12:50:51;03,02;-2.00,-2.00,2.00,31.00,38.00,20.00,9.00,1.00 
2017/11/08 12:50:52;01,07;-1.00,0.00,-1.00,0.00,0.00,-1.00,0.00,1.00 
2017/11/08 12:50:52;03,02;0.00,-3.00,2.00,28.00,33.00,25.00,8.00,0.00 
2017/11/08 12:50:52;03,02;0.00,-3.00,1.00,31.00,39.00,23.00,9.00,-1.00 
2017/11/08 12:50:52;03,02;-1.00,-1.00,2.00,33.00,38.00,24.00,10.00,1.00 
2017/11/08 12:50:52;01,07;0.00,1.00,0.00,-2.00,-1.00,0.00,0.00,-1.00 
2017/11/08 12:50:52;03,02;0.00,-2.00,1.00,31.00,41.00,27.00,7.00,-1.00 
2017/11/08 12:50:52;01,07;-1.00,1.00,1.00,-3.00,-3.00,2.00,1.00,-1.00 
2017/11/08 12:50:53;03,02;-1.00,-3.00,3.00,29.00,37.00,21.00,6.00,2.00 
2017/11/08 12:50:53;01,07;0.00,0.00,0.00,-1.00,-1.00,1.00,-1.00,-2.00 
2017/11/08 12:50:53;03,02;-1.00,-2.00,1.00,34.00,38.00,25.00,9.00,1.00 
2017/11/08 12:50:53;03,02;-2.00,-2.00,3.00,22.00,32.00,29.00,9.00,0.00 
2017/11/08 12:50:53;03,02;-1.00,-2.00,3.00,26.00,37.00,24.00,9.00,0.00 
2017/11/08 12:50:53;03,02;-2.00,-2.00,3.00,27.00,34.00,21.00,9.00,0.00 
2017/11/08 12:50:53;03,02;-1.00,-3.00,3.00,27.00,37.00,26.00,10.00,0.00 
2017/11/08 12:50:54;03,02;-1.00,0.00,3.00,30.00,29.00,30.00,11.00,1.00 
2017/11/08 12:50:54;03,02;-1.00,1.00,6.00,30.00,32.00,23.00,10.00,0.00 
2017/11/08 12:50:54;03,02;-1.00,0.00,7.00,40.00,36.00,20.00,5.00,0.00 
2017/11/08 12:50:55;03,02;-1.00,2.00,7.00,34.00,35.00,17.00,3.00,-2.00 
2017/11/08 12:50:55;03,02;-1.00,-2.00,7.00,32.00,47.00,19.00,3.00,-1.00 
2017/11/08 12:50:55;01,06;2.00,0.00,0.00,-8.00,-3.00,1.00,-4.00,-18.00 
2017/11/08 12:50:56;03,02;4.00,-7.00,-5.00,-10.00,43.00,30.00,7.00,0.00 
2017/11/08 12:50:56;01,06;-4.00,0.00,-1.00,-10.00,-2.00,0.00,-5.00,-22.00 
2017/11/08 12:50:56;03,02;29.00,51.00,-6.00,1.00,28.00,16.00,5.00,-4.00 
2017/11/08 12:50:56;03,02;22.00,16.00,-4.00,4.00,37.00,20.00,6.00,-2.00
2017/11/08 12:50:56;03,02;31.00,11.00,-4.00,4.00,30.00,15.00,5.00,-1.00 
2017/11/08 12:50:56;03,02;40.00,15.00,-4.00,5.00,32.00,10.00,3.00,-2.00 
2017/11/08 12:50:56;03,02;44.00,9.00,-4.00,3.00,12.00,7.00,4.00,-2.00 
2017/11/08 12:50:56;03,02;52.00,11.00,-3.00,3.00,-3.00,2.00,4.00,-1.00 
2017/11/08 12:50:57;01,06;1.00,0.00,1.00,-11.00,-1.00,0.00,-4.00,-19.00 
2017/11/08 12:50:57;03,02;46.00,9.00,-3.00,2.00,-4.00,-11.00,9.00,20.00 
2017/11/08 12:50:57;03,02;45.00,10.00,-3.00,2.00,2.00,-11.00,16.00,14.00 
2017/11/08 12:50:58;03,02;48.00,11.00,-1.00,3.00,1.00,-9.00,19.00,9.00 
2017/11/08 12:50:58;03,02;50.00,15.00,0.00,3.00,1.00,14.00,2.00,-3.00 
2017/11/08 12:50:58;03,02;45.00,13.00,-1.00,3.00,33.00,8.00,2.00,-8.00 
2017/11/08 12:50:58;03,02;49.00,11.00,-1.00,2.00,26.00,2.00,0.00,-8.00 
2017/11/08 12:50:58;03,01;-3.00,-1.00,1.00,1.00,-1.00,0.00,-2.00,15.00 
2017/11/08 12:50:59;03,02;43.00,11.00,-1.00,2.00,23.00,-6.00,0.00,-7.00 
2017/11/08 12:50:59;03,02;34.00,11.00,-1.00,1.00,20.00,-5.00,0.00,-7.00 
2017/11/08 12:50:59;03,02;25.00,11.00,0.00,3.00,30.00,-4.00,0.00,-7.00 
2017/11/08 12:50:59;03,01;-4.00,-2.00,0.00,-1.00,-3.00,-1.00,-5.00,24.00 
2017/11/08 12:50:59;03,02;-14.00,12.00,2.00,4.00,33.00,-3.00,0.00,-6.00 
2017/11/08 12:50:59;03,02;-7.00,-2.00,18.00,8.00,37.00,-2.00,0.00,-5.00 
2017/11/08 12:50:59;03,02;-3.00,-2.00,-4.00,82.00,33.00,-2.00,-1.00,-6.00 
2017/11/08 12:50:59;03,01;-2.00,-1.00,1.00,-2.00,-1.00,0.00,-5.00,23.00 
2017/11/08 12:50:59;03,02;-3.00,-4.00,-2.00,49.00,34.00,-1.00,-1.00,-6.00 
2017/11/08 12:50:59;03,02;0.00,-4.00,-1.00,33.00,35.00,0.00,-1.00,-6.00 
2017/11/08 12:51:00;03,01;0.00,-1.00,1.00,0.00,0.00,0.00,-3.00,22.00 
2017/11/08 12:51:00;03,02;2.00,-4.00,7.00,29.00,28.00,4.00,-2.00,-5.00 
2017/11/08 12:51:01;03,01;-1.00,-1.00,0.00,0.00,-2.00,2.00,-1.00,23.00 
2017/11/08 12:51:01;03,02;1.00,-4.00,9.00,35.00,27.00,3.00,-2.00,-4.00 
2017/11/08 12:51:01;03,01;1.00,-1.00,0.00,-1.00,-1.00,1.00,-3.00,23.00 
2017/11/08 12:51:01;03,02;1.00,-3.00,8.00,26.00,19.00,1.00,-1.00,-3.00 
2017/11/08 12:51:01;03,01;-1.00,0.00,1.00,-2.00,-1.00,1.00,-3.00,28.00 
2017/11/08 12:51:01;03,02;1.00,-2.00,7.00,32.00,25.00,0.00,-2.00,-3.00 
2017/11/08 12:51:01;03,01;-1.00,-2.00,0.00,-2.00,-1.00,0.00,-6.00,23.00 
2017/11/08 12:51:02;03,02;1.00,-2.00,7.00,38.00,28.00,0.00,-3.00,-2.00 
2017/11/08 12:51:02;03,02;1.00,-1.00,6.00,35.00,22.00,-1.00,-3.00,-2.00 
2017/11/08 12:51:02;03,02;1.00,-1.00,6.00,36.00,26.00,-2.00,-3.00,-2.00 
2017/11/08 12:51:03;03,02;0.00,-1.00,9.00,30.00,22.00,-1.00,-3.00,-3.00 
2017/11/08 12:51:03;03,02;1.00,-1.00,8.00,34.00,24.00,-1.00,-3.00,-3.00 
2017/11/08 12:51:03;03,02;1.00,-1.00,6.00,34.00,21.00,-2.00,-3.00,-4.00 
2017/11/08 12:51:04;03,02;1.00,-1.00,8.00,35.00,26.00,-3.00,-3.00,-3.00 
2017/11/08 12:51:04;03,02;1.00,-1.00,7.00,36.00,23.00,-3.00,-1.00,-4.00 
2017/11/08 12:51:04;03,02;0.00,0.00,5.00,41.00,27.00,-1.00,-1.00,-3.00 
2017/11/08 12:51:04;03,02;-1.00,1.00,6.00,31.00,23.00,0.00,-1.00,-2.00 
2017/11/08 12:51:05;03,02;0.00,0.00,6.00,35.00,24.00,0.00,-2.00,-1.00 
2017/11/08 12:51:05;03,01;-1.00,-1.00,0.00,-2.00,-1.00,2.00,0.00,19.00 
2017/11/08 12:51:05;03,01;-1.00,-3.00,-1.00,-2.00,0.00,0.00,-1.00,17.00 
2017/11/08 12:51:05;03,01;-1.00,-1.00,0.00,-2.00,-1.00,1.00,-1.00,26.00 
2017/11/08 12:51:05;03,01;-3.00,-1.00,0.00,-2.00,0.00,0.00,0.00,23.00 
2017/11/08 12:51:05;03,02;0.00,3.00,9.00,25.00,22.00,3.00,-2.00,-2.00 
2017/11/08 12:51:05;03,01;-2.00,-3.00,0.00,-1.00,0.00,0.00,0.00,14.00 
2017/11/08 12:51:05;03,02;0.00,3.00,6.00,28.00,27.00,0.00,-3.00,-1.00 
2017/11/08 12:51:06;03,01;0.00,-1.00,0.00,-1.00,1.00,-2.00,0.00,26.00 
2017/11/08 12:51:06;03,01;-1.00,0.00,1.00,0.00,1.00,-3.00,-1.00,20.00 
2017/11/08 12:51:06;03,02;-1.00,2.00,6.00,32.00,23.00,1.00,-2.00,-1.00 
2017/11/08 12:51:06;03,01;-2.00,-2.00,1.00,-1.00,2.00,-1.00,-1.00,18.00 
2017/11/08 12:51:06;03,02;-1.00,2.00,9.00,32.00,26.00,2.00,-3.00,-1.00 
2017/11/08 12:51:06;03,01;0.00,-1.00,0.00,-1.00,0.00,-2.00,-1.00,19.00 
2017/11/08 12:51:06;03,02;-1.00,2.00,8.00,31.00,22.00,2.00,-1.00,-2.00 
2017/11/08 12:51:07;03,02;0.00,2.00,8.00,32.00,24.00,2.00,-2.00,-2.00 
2017/11/08 12:51:07;03,01;-2.00,-1.00,0.00,-1.00,1.00,-2.00,-1.00,18.00 
2017/11/08 12:51:07;03,02;0.00,1.00,8.00,34.00,20.00,1.00,-2.00,-2.00 
2017/11/08 12:51:08;03,02;-1.00,1.00,7.00,32.00,25.00,-2.00,-2.00,-2.00 
2017/11/08 12:51:08;03,02;-1.00,0.00,6.00,34.00,18.00,-1.00,-1.00,-2.00 
2017/11/08 12:51:08;03,01;0.00,-2.00,0.00,0.00,1.00,0.00,-1.00,24.00 
2017/11/08 12:51:08;03,01;-1.00,0.00,1.00,-1.00,1.00,-2.00,-1.00,22.00 
2017/11/08 12:51:08;01,06;0.00,0.00,-3.00,-7.00,-2.00,-1.00,1.00,-14.00 
2017/11/08 12:51:09;03,02;-2.00,1.00,6.00,32.00,27.00,0.00,-1.00,0.00 
2017/11/08 12:51:09;01,06;0.00,1.00,-2.00,-7.00,-2.00,-3.00,0.00,-13.00 
2017/11/08 12:51:09;01,06;0.00,-1.00,-2.00,-6.00,0.00,-2.00,0.00,-14.00 
2017/11/08 12:51:09;03,02;-3.00,-1.00,3.00,32.00,33.00,1.00,-2.00,-1.00 
2017/11/08 12:51:10;01,06;0.00,-1.00,-3.00,-6.00,-1.00,-3.00,0.00,-13.00 
2017/11/08 12:51:11;03,01;-3.00,0.00,0.00,0.00,-1.00,0.00,3.00,15.00 
2017/11/08 12:51:12;03,01;-3.00,0.00,0.00,1.00,-1.00,-2.00,2.00,16.00 
2017/11/08 12:51:12;03,01;-1.00,0.00,0.00,0.00,0.00,-2.00,1.00,16.00 
2017/11/08 12:51:12;03,01;-1.00,1.00,1.00,-1.00,-2.00,1.00,0.00,16.00 
2017/11/08 12:51:12;03,02;-2.00,1.00,6.00,33.00,23.00,2.00,0.00,0.00 
2017/11/08 12:51:12;03,02;-1.00,1.00,5.00,36.00,24.00,-2.00,-2.00,0.00 
2017/11/08 12:51:13;03,02;-1.00,1.00,6.00,36.00,23.00,-2.00,-1.00,0.00 
2017/11/08 12:51:13;03,02;-2.00,1.00,8.00,33.00,15.00,-2.00,-1.00,0.00 
2017/11/08 12:51:13;01,07;-1.00,0.00,-1.00,1.00,0.00,-2.00,11.00,0.00 
2017/11/08 12:51:14;01,07;-1.00,0.00,0.00,0.00,-1.00,-1.00,7.00,0.00 
2017/11/08 12:51:14;01,07;-1.00,-1.00,0.00,0.00,-1.00,-2.00,2.00,-1.00 
2017/11/08 12:51:14;03,02;0.00,0.00,4.00,33.00,26.00,-1.00,1.00,1.00 
2017/11/08 12:51:14;03,02;0.00,0.00,4.00,33.00,23.00,-1.00,0.00,1.00 
2017/11/08 12:51:14;03,02;1.00,-2.00,3.00,40.00,30.00,-2.00,0.00,1.00 
2017/11/08 12:51:15;01,07;-3.00,-1.00,-1.00,1.00,0.00,-1.00,1.00,-2.00 
2017/11/08 12:51:16;03,02;0.00,-1.00,2.00,31.00,22.00,0.00,0.00,0.00 
2017/11/08 12:51:16;03,02;0.00,-1.00,5.00,33.00,25.00,-2.00,1.00,1.00 
2017/11/08 12:51:16;01,07;-1.00,-1.00,-1.00,-1.00,0.00,1.00,0.00,-2.00 
2017/11/08 12:51:16;01,07;-1.00,-1.00,0.00,-1.00,-2.00,1.00,7.00,-3.00 
2017/11/08 12:51:17;01,07;-1.00,-1.00,-1.00,0.00,-1.00,0.00,2.00,-2.00 
2017/11/08 12:51:17;01,07;-2.00,0.00,-1.00,0.00,0.00,0.00,3.00,-3.00 
2017/11/08 12:51:17;03,02;-2.00,0.00,3.00,31.00,22.00,0.00,3.00,-1.00 
2017/11/08 12:51:17;03,02;-1.00,0.00,2.00,34.00,28.00,0.00,1.00,-1.00 
2017/11/08 12:51:17;03,02;-1.00,0.00,4.00,33.00,23.00,0.00,1.00,0.00 
2017/11/08 12:51:18;03,02;0.00,1.00,5.00,34.00,26.00,0.00,2.00,-1.00 
2017/11/08 12:51:18;03,02;-2.00,1.00,4.00,30.00,19.00,-1.00,2.00,-1.00 
2017/11/08 12:51:18;01,06;0.00,1.00,1.00,-4.00,0.00,-2.00,-2.00,-9.00 
2017/11/08 12:51:18;03,02;-1.00,0.00,3.00,35.00,25.00,1.00,1.00,0.00 
2017/11/08 12:51:18;03,02;-1.00,0.00,2.00,44.00,30.00,1.00,2.00,-1.00 
2017/11/08 12:51:18;03,02;-1.00,0.00,2.00,32.00,22.00,1.00,2.00,-1.00 
2017/11/08 12:51:19;01,06;0.00,0.00,1.00,-4.00,-2.00,-2.00,-2.00,-10.00 
2017/11/08 12:51:19;03,02;-1.00,-1.00,2.00,31.00,25.00,0.00,2.00,0.00 
2017/11/08 12:51:19;01,06;1.00,-2.00,0.00,-4.00,-3.00,-1.00,-1.00,-10.00 
2017/11/08 12:51:20;03,02;-1.00,0.00,3.00,32.00,19.00,-1.00,2.00,-1.00 
2017/11/08 12:51:20;03,02;-2.00,0.00,2.00,33.00,25.00,0.00,0.00,0.00 
2017/11/08 12:51:20;03,02;-1.00,-1.00,1.00,34.00,23.00,-1.00,1.00,-1.00 
2017/11/08 12:51:20;03,02;0.00,0.00,0.00,37.00,29.00,-1.00,0.00,0.00 
2017/11/08 12:51:20;03,02;-1.00,0.00,-1.00,29.00,23.00,-1.00,0.00,1.00 
2017/11/08 12:51:20;03,02;0.00,0.00,0.00,32.00,25.00,-1.00,1.00,0.00 
2017/11/08 12:51:22;03,02;0.00,1.00,1.00,30.00,21.00,1.00,2.00,0.00 
2017/11/08 12:51:23;03,02;-1.00,1.00,2.00,32.00,23.00,0.00,2.00,1.00 
2017/11/08 12:51:23;03,02;0.00,1.00,2.00,31.00,25.00,1.00,0.00,2.00 
2017/11/08 12:51:25;03,02;-2.00,0.00,1.00,26.00,22.00,0.00,0.00,0.00 
2017/11/08 12:51:25;03,02;-2.00,0.00,0.00,40.00,30.00,0.00,-2.00,1.00 
2017/11/08 12:51:26;03,02;-1.00,0.00,-1.00,32.00,22.00,0.00,0.00,0.00 
2017/11/08 12:51:26;03,02;0.00,1.00,0.00,34.00,26.00,0.00,0.00,0.00 
2017/11/08 12:51:28;03,02;0.00,-2.00,-2.00,31.00,23.00,-2.00,-1.00,-1.00 
2017/11/08 12:51:28;03,02;0.00,-2.00,-2.00,35.00,28.00,-2.00,-2.00,-1.00 
2017/11/08 12:51:29;03,02;0.00,-1.00,0.00,33.00,22.00,-2.00,0.00,-2.00 
2017/11/08 12:51:29;03,02;0.00,-2.00,1.00,34.00,24.00,-2.00,0.00,-2.00 
2017/11/08 12:51:30;03,02;-1.00,0.00,1.00,32.00,29.00,0.00,0.00,-2.00 
2017/11/08 12:51:33;03,02;-2.00,-1.00,1.00,35.00,23.00,0.00,0.00,-2.00 
2017/11/08 12:51:33;03,02;-1.00,1.00,0.00,37.00,29.00,0.00,-1.00,-2.00 
2017/11/08 12:51:33;03,02;0.00,0.00,1.00,33.00,23.00,3.00,0.00,-1.00 
2017/11/08 12:51:34;03,02;-1.00,-1.00,0.00,32.00,28.00,3.00,-1.00,-1.00 
2017/11/08 12:51:35;03,02;0.00,-1.00,-1.00,34.00,23.00,2.00,-2.00,-1.00 
2017/11/08 12:51:35;03,02;0.00,-1.00,0.00,36.00,24.00,2.00,-2.00,-1.00 
2017/11/08 12:51:36;03,02;-1.00,0.00,3.00,33.00,21.00,2.00,1.00,-2.00 
2017/11/08 12:51:36;03,02;-1.00,0.00,2.00,39.00,24.00,1.00,0.00,-1.00 
2017/11/08 12:51:36;03,02;-1.00,0.00,3.00,40.00,21.00,0.00,-1.00,0.00 
2017/11/08 12:51:36;03,02;-1.00,0.00,5.00,32.00,11.00,-1.00,1.00,-1.00 
2017/11/08 12:51:37;03,01;0.00,2.00,-1.00,1.00,-1.00,0.00,-2.00,3.00 
2017/11/08 12:51:37;03,01;0.00,0.00,0.00,0.00,0.00,0.00,-2.00,-1.00 
2017/11/08 12:51:38;03,01;0.00,1.00,-1.00,0.00,-1.00,-1.00,0.00,2.00 
2017/11/08 12:51:38;03,02;0.00,0.00,-2.00,33.00,23.00,7.00,-1.00,1.00 
2017/11/08 12:51:38;03,02;-1.00,-2.00,-2.00,32.00,26.00,10.00,0.00,-1.00 
2017/11/08 12:51:38;03,01;-1.00,-1.00,-2.00,-1.00,0.00,-1.00,-3.00,2.00 
2017/11/08 12:51:38;03,02;-1.00,-3.00,-5.00,27.00,28.00,14.00,0.00,-1.00 
2017/11/08 12:51:38;03,02;-1.00,-6.00,-8.00,28.00,34.00,16.00,0.00,0.00 
2017/11/08 12:51:38;03,02;-2.00,-10.00,-9.00,18.00,33.00,16.00,0.00,-1.00 
2017/11/08 12:51:38;03,02;-3.00,-8.00,-9.00,28.00,28.00,17.00,1.00,-1.00 
2017/11/08 12:51:39;03,02;-2.00,-6.00,-8.00,34.00,32.00,17.00,-1.00,0.00 
2017/11/08 12:51:39;03,02;-3.00,-4.00,0.00,31.00,22.00,10.00,1.00,0.00 
2017/11/08 12:51:39;03,02;-1.00,-5.00,-1.00,36.00,25.00,7.00,-1.00,1.00 
2017/11/08 12:51:40;03,02;-1.00,-3.00,-2.00,32.00,24.00,7.00,-3.00,-1.00 
2017/11/08 12:51:40;03,02;0.00,-3.00,-1.00,30.00,18.00,10.00,0.00,-3.00 
2017/11/08 12:51:41;03,02;0.00,-2.00,-2.00,31.00,24.00,7.00,0.00,-1.00 
2017/11/08 12:51:41;03,02;-1.00,-2.00,0.00,33.00,22.00,7.00,-2.00,-1.00 
2017/11/08 12:51:41;03,02;-1.00,-2.00,0.00,27.00,19.00,8.00,0.00,-2.00 
2017/11/08 12:51:42;03,02;-1.00,-3.00,-1.00,32.00,20.00,7.00,-2.00,-1.00 
2017/11/08 12:51:42;03,02;0.00,-3.00,0.00,34.00,24.00,8.00,-2.00,-1.00 
2017/11/08 12:51:42;03,02;-1.00,-3.00,-1.00,29.00,21.00,7.00,-1.00,-2.00 
2017/11/08 12:51:42;03,02;-1.00,-2.00,-1.00,33.00,25.00,6.00,-1.00,-2.00 
2017/11/08 12:51:42;03,02;0.00,-3.00,0.00,31.00,22.00,7.00,-1.00,-1.00 
2017/11/08 12:51:43;03,02;0.00,-2.00,1.00,32.00,26.00,9.00,0.00,-2.00 
2017/11/08 12:51:43;03,02;-1.00,-2.00,0.00,31.00,21.00,9.00,-2.00,-1.00 
2017/11/08 12:51:43;03,02;1.00,-1.00,-1.00,31.00,23.00,8.00,1.00,0.00 
2017/11/08 12:51:43;03,02;1.00,-2.00,-1.00,36.00,26.00,8.00,1.00,0.00 
2017/11/08 12:51:43;03,02;1.00,0.00,-1.00,30.00,21.00,7.00,1.00,0.00 
2017/11/08 12:51:43;03,02;0.00,-1.00,-2.00,34.00,24.00,6.00,-2.00,1.00 
2017/11/08 12:51:44;03,02;0.00,-1.00,-2.00,39.00,26.00,6.00,-1.00,0.00 
2017/11/08 12:51:44;03,02;0.00,-2.00,-1.00,33.00,22.00,5.00,0.00,0.00 
2017/11/08 12:51:44;03,02;1.00,-2.00,-3.00,35.00,24.00,6.00,0.00,0.00 
2017/11/08 12:51:44;03,02;1.00,-2.00,-3.00,32.00,22.00,8.00,0.00,0.00 
2017/11/08 12:51:44;03,02;1.00,-2.00,-3.00,31.00,24.00,8.00,0.00,0.00 
2017/11/08 12:51:45;03,02;1.00,-1.00,-2.00,33.00,21.00,8.00,1.00,-1.00 
2017/11/08 12:51:45;03,02;0.00,-2.00,-4.00,32.00,24.00,6.00,-1.00,0.00 
2017/11/08 12:51:45;03,02;0.00,-2.00,-3.00,31.00,23.00,6.00,1.00,0.00 
2017/11/08 12:51:45;03,02;1.00,-3.00,-3.00,33.00,25.00,6.00,-1.00,0.00 
2017/11/08 12:51:45;03,02;0.00,-1.00,-2.00,35.00,22.00,6.00,1.00,1.00 
2017/11/08 12:51:46;03,02;0.00,-1.00,-2.00,33.00,25.00,7.00,-2.00,0.00 
2017/11/08 12:51:46;03,02;1.00,-1.00,-2.00,34.00,23.00,8.00,2.00,1.00 
2017/11/08 12:51:46;03,02;-1.00,-1.00,-1.00,29.00,23.00,6.00,0.00,-1.00 
2017/11/08 12:51:46;03,02;0.00,-1.00,-2.00,38.00,26.00,6.00,0.00,-1.00 
2017/11/08 12:51:46;03,02;-1.00,-1.00,-2.00,37.00,21.00,6.00,2.00,-2.00 
2017/11/08 12:51:46;03,02;0.00,-1.00,-2.00,38.00,24.00,5.00,1.00,-1.00 
2017/11/08 12:51:47;03,02;0.00,-1.00,-4.00,37.00,23.00,3.00,1.00,-1.00 
2017/11/08 12:51:47;03,01;-1.00,0.00,-1.00,-2.00,0.00,-2.00,-8.00,6.00 
2017/11/08 12:51:47;03,02;0.00,0.00,-3.00,32.00,24.00,4.00,0.00,-2.00 
2017/11/08 12:51:47;03,02;-1.00,-1.00,-2.00,33.00,22.00,5.00,1.00,-2.00 
2017/11/08 12:51:47;03,02;-1.00,-1.00,-2.00,39.00,24.00,5.00,1.00,-1.00 
2017/11/08 12:51:47;03,01;-1.00,1.00,-2.00,0.00,0.00,-1.00,-5.00,5.00 
2017/11/08 12:51:47;03,02;0.00,-1.00,-1.00,31.00,22.00,6.00,0.00,-2.00 
2017/11/08 12:51:47;03,02;-1.00,0.00,-4.00,37.00,24.00,5.00,0.00,0.00 
2017/11/08 12:51:48;03,01;1.00,-1.00,-1.00,1.00,0.00,0.00,-2.00,3.00 
2017/11/08 12:51:48;03,01;-1.00,-1.00,-1.00,0.00,2.00,-1.00,-1.00,2.00 
2017/11/08 12:51:48;03,02;0.00,-1.00,-3.00,34.00,21.00,6.00,0.00,-2.00 
2017/11/08 12:51:48;03,02;0.00,-1.00,-2.00,34.00,26.00,7.00,2.00,-2.00 
2017/11/08 12:51:48;03,02;0.00,0.00,-2.00,34.00,23.00,6.00,1.00,-2.00 
2017/11/08 12:51:49;03,02;0.00,0.00,-2.00,34.00,26.00,7.00,1.00,-2.00 
2017/11/08 12:51:49;03,02;-2.00,1.00,-1.00,29.00,21.00,6.00,0.00,1.00 
2017/11/08 12:51:49;03,02;-2.00,1.00,-2.00,30.00,25.00,6.00,0.00,0.00 
2017/11/08 12:51:50;03,02;-2.00,1.00,0.00,34.00,22.00,6.00,1.00,0.00 
2017/11/08 12:51:50;03,02;-2.00,-1.00,-1.00,35.00,25.00,6.00,0.00,1.00 
2017/11/08 12:51:50;03,02;-2.00,0.00,-1.00,31.00,21.00,6.00,0.00,-1.00 
2017/11/08 12:51:50;03,02;-2.00,0.00,-1.00,31.00,24.00,6.00,1.00,-1.00 
2017/11/08 12:51:51;03,02;-2.00,1.00,-2.00,38.00,23.00,6.00,0.00,0.00 
2017/11/08 12:51:51;03,02;-2.00,0.00,-3.00,34.00,29.00,6.00,-1.00,0.00 
2017/11/08 12:51:51;03,02;-2.00,0.00,-2.00,33.00,23.00,6.00,-1.00,0.00 
2017/11/08 12:51:51;03,02;-2.00,1.00,-3.00,30.00,27.00,6.00,0.00,0.00 
2017/11/08 12:51:52;03,02;0.00,0.00,-4.00,34.00,25.00,5.00,-1.00,0.00 
2017/11/08 12:51:52;03,02;-2.00,0.00,-2.00,34.00,22.00,8.00,1.00,0.00 
2017/11/08 12:51:52;03,02;-1.00,0.00,-2.00,32.00,25.00,8.00,1.00,-1.00 
2017/11/08 12:51:52;03,02;-1.00,0.00,-2.00,36.00,23.00,7.00,2.00,0.00 
2017/11/08 12:51:52;03,02;-2.00,0.00,-1.00,32.00,24.00,7.00,1.00,-1.00 
2017/11/08 12:51:53;03,02;-1.00,1.00,1.00,36.00,24.00,4.00,-1.00,1.00 
2017/11/08 12:51:53;03,02;-1.00,2.00,-2.00,32.00,20.00,4.00,-1.00,1.00 
2017/11/08 12:51:53;03,02;-1.00,2.00,0.00,31.00,24.00,4.00,-2.00,1.00 
2017/11/08 12:51:53;03,02;0.00,1.00,-1.00,35.00,22.00,4.00,-2.00,0.00 
2017/11/08 12:51:53;03,02;0.00,1.00,-3.00,39.00,24.00,2.00,-2.00,1.00 
2017/11/08 12:51:54;03,02;-1.00,2.00,-1.00,28.00,23.00,6.00,0.00,1.00 
2017/11/08 12:51:54;03,02;0.00,0.00,-2.00,34.00,23.00,3.00,-2.00,1.00 
2017/11/08 12:51:54;03,02;-1.00,2.00,0.00,33.00,26.00,3.00,-1.00,1.00 
2017/11/08 12:51:54;03,02;0.00,2.00,1.00,31.00,20.00,3.00,-2.00,0.00 
2017/11/08 12:51:54;03,02;0.00,4.00,6.00,41.00,20.00,0.00,-1.00,0.00 
2017/11/08 12:51:54;03,01;0.00,-1.00,0.00,0.00,-1.00,0.00,2.00,-10.00 
2017/11/08 12:51:54;03,02;-1.00,3.00,7.00,40.00,11.00,8.00,-2.00,1.00 
2017/11/08 12:51:55;03,02;-2.00,3.00,7.00,40.00,-4.00,2.00,12.00,10.00 
2017/11/08 12:51:55;03,01;1.00,-1.00,0.00,-1.00,1.00,0.00,0.00,-16.00 
2017/11/08 12:51:55;03,02;-2.00,3.00,2.00,26.00,-4.00,-4.00,26.00,30.00 
2017/11/08 12:51:55;03,02;0.00,3.00,-1.00,-4.00,-4.00,-5.00,31.00,36.00 
2017/11/08 12:51:55;03,03;-1.00,-1.00,0.00,-1.00,11.00,4.00,-1.00,-2.00 
2017/11/08 12:51:55;03,01;-3.00,0.00,-1.00,-1.00,1.00,0.00,-2.00,-18.00 
2017/11/08 12:51:55;03,02;-1.00,2.00,-11.00,-3.00,-4.00,-6.00,28.00,41.00 
2017/11/08 12:51:55;03,02;8.00,28.00,-17.00,5.00,-4.00,-7.00,28.00,36.00 
2017/11/08 12:51:55;03,02;26.00,-11.00,-16.00,0.00,-4.00,-8.00,26.00,39.00 
2017/11/08 12:51:56;03,03;-1.00,0.00,0.00,13.00,16.00,5.00,0.00,-2.00 
2017/11/08 12:51:56;03,02;14.00,0.00,-17.00,0.00,-4.00,-9.00,19.00,40.00 
2017/11/08 12:51:56;03,02;25.00,6.00,-17.00,0.00,-4.00,-9.00,19.00,36.00 
2017/11/08 12:51:56;03,02;30.00,6.00,-17.00,0.00,-4.00,-9.00,18.00,30.00 
2017/11/08 12:51:56;03,03;0.00,0.00,3.00,12.00,13.00,5.00,-1.00,-1.00 
2017/11/08 12:51:56;03,02;37.00,7.00,-17.00,0.00,-5.00,-10.00,21.00,25.00 
2017/11/08 12:51:56;03,02;39.00,8.00,-17.00,0.00,-5.00,-10.00,26.00,24.00 
2017/11/08 12:51:56;03,02;36.00,8.00,-17.00,0.00,-4.00,-10.00,23.00,14.00 
2017/11/08 12:51:57;03,03;-1.00,1.00,3.00,18.00,0.00,4.00,0.00,0.00 
2017/11/08 12:51:57;03,02;45.00,8.00,-17.00,1.00,-4.00,-10.00,10.00,3.00 
2017/11/08 12:51:57;03,02;34.00,4.00,-16.00,0.00,-3.00,7.00,8.00,5.00 
2017/11/08 12:51:57;03,03;0.00,0.00,2.00,21.00,0.00,1.00,-1.00,-1.00 
2017/11/08 12:51:57;03,02;37.00,8.00,-16.00,5.00,4.00,-1.00,4.00,-1.00 
2017/11/08 12:51:57;03,02;32.00,6.00,-16.00,5.00,25.00,-2.00,4.00,-1.00 
2017/11/08 12:51:57;03,02;36.00,6.00,-16.00,6.00,23.00,-2.00,4.00,0.00 
2017/11/08 12:51:58;03,02;37.00,6.00,-15.00,5.00,27.00,2.00,4.00,2.00 
2017/11/08 12:51:58;03,03;0.00,1.00,2.00,2.00,0.00,0.00,0.00,-1.00 
2017/11/08 12:51:58;03,02;23.00,8.00,-13.00,7.00,27.00,10.00,4.00,3.00 
2017/11/08 12:51:59;03,03;2.00,0.00,2.00,2.00,1.00,-2.00,0.00,-2.00 
2017/11/08 12:51:59;03,03;1.00,-1.00,1.00,1.00,1.00,-3.00,-1.00,-2.00 
2017/11/08 12:51:59;03,02;-8.00,10.00,-11.00,6.00,31.00,13.00,3.00,4.00 
2017/11/08 12:51:59;03,02;3.00,19.00,-6.00,4.00,29.00,12.00,3.00,2.00 
2017/11/08 12:51:59;03,03;0.00,-1.00,0.00,0.00,0.00,-1.00,1.00,-2.00 
2017/11/08 12:52:00;03,02;14.00,12.00,-7.00,6.00,28.00,11.00,3.00,2.00 
2017/11/08 12:52:00;01,06;-1.00,0.00,-2.00,-3.00,2.00,0.00,-1.00,2.00 
2017/11/08 12:52:00;03,02;25.00,14.00,-7.00,4.00,26.00,7.00,2.00,3.00 
2017/11/08 12:52:00;01,06;0.00,-2.00,-2.00,-1.00,2.00,-1.00,-2.00,2.00 
2017/11/08 12:52:00;03,02;31.00,16.00,-9.00,5.00,21.00,1.00,1.00,4.00 
2017/11/08 12:52:00;03,02;37.00,17.00,-7.00,2.00,17.00,-1.00,0.00,3.00 
2017/11/08 12:52:01;03,02;39.00,17.00,-8.00,1.00,22.00,-4.00,0.00,5.00 
2017/11/08 12:52:01;01,06;-1.00,-1.00,-1.00,-1.00,0.00,-1.00,-1.00,0.00 
2017/11/08 12:52:03;03,02;36.00,8.00,-10.00,-2.00,19.00,-4.00,1.00,3.00 
2017/11/08 12:52:05;03,02;40.00,15.00,-6.00,0.00,14.00,-3.00,0.00,4.00 
2017/11/08 12:52:05;03,02;26.00,11.00,-8.00,5.00,20.00,-3.00,1.00,2.00 
2017/11/08 12:52:06;03,02;30.00,9.00,-9.00,5.00,24.00,1.00,1.00,2.00 
2017/11/08 12:52:06;03,02;27.00,10.00,-8.00,3.00,27.00,6.00,-1.00,3.00 
2017/11/08 12:52:06;03,02;17.00,12.00,-5.00,4.00,29.00,8.00,3.00,2.00 
2017/11/08 12:52:06;03,02;-2.00,-5.00,5.00,6.00,31.00,13.00,4.00,-1.00 
2017/11/08 12:52:07;03,02;4.00,0.00,8.00,13.00,23.00,14.00,2.00,1.00 
2017/11/08 12:52:07;03,02;4.00,1.00,6.00,14.00,30.00,13.00,2.00,2.00 
2017/11/08 12:52:07;03,02;6.00,5.00,4.00,14.00,21.00,11.00,1.00,1.00 
2017/11/08 12:52:07;03,02;11.00,10.00,2.00,13.00,20.00,7.00,2.00,0.00 
2017/11/08 12:52:08;03,02;11.00,11.00,3.00,13.00,26.00,4.00,0.00,2.00 
2017/11/08 12:52:08;03,02;13.00,13.00,2.00,11.00,23.00,5.00,1.00,1.00 
2017/11/08 12:52:08;03,02;15.00,13.00,2.00,12.00,24.00,6.00,1.00,2.00 
2017/11/08 12:52:08;03,02;16.00,13.00,2.00,12.00,21.00,7.00,1.00,0.00 
2017/11/08 12:52:08;03,02;16.00,14.00,2.00,13.00,25.00,7.00,2.00,2.00 
2017/11/08 12:52:08;03,01;0.00,-1.00,-1.00,-1.00,-1.00,1.00,3.00,-15.00 
2017/11/08 12:52:09;03,01;1.00,-1.00,-1.00,0.00,1.00,-1.00,1.00,-15.00 
2017/11/08 12:52:09;03,01;0.00,0.00,0.00,-1.00,0.00,-1.00,0.00,-14.00 
2017/11/08 12:52:09;03,02;15.00,13.00,2.00,12.00,24.00,8.00,-1.00,1.00 
2017/11/08 12:52:10;03,01;1.00,-2.00,0.00,-1.00,0.00,-3.00,-1.00,-15.00 
2017/11/08 12:52:10;03,02;14.00,12.00,2.00,11.00,22.00,5.00,-1.00,1.00 
2017/11/08 12:52:10;03,02;15.00,14.00,4.00,11.00,25.00,7.00,0.00,1.00 
2017/11/08 12:52:10;03,02;15.00,12.00,1.00,12.00,25.00,7.00,0.00,0.00 
2017/11/08 12:52:11;03,02;15.00,12.00,2.00,11.00,23.00,6.00,-1.00,1.00 
2017/11/08 12:52:11;03,02;14.00,12.00,2.00,12.00,28.00,6.00,0.00,1.00 
2017/11/08 12:52:12;03,02;13.00,13.00,1.00,10.00,21.00,8.00,-2.00,-2.00 
2017/11/08 12:52:12;03,02;12.00,12.00,3.00,8.00,24.00,8.00,0.00,0.00 
2017/11/08 12:52:12;03,02;12.00,10.00,2.00,8.00,21.00,8.00,1.00,-2.00 
2017/11/08 12:52:13;03,02;16.00,9.00,1.00,9.00,23.00,7.00,-1.00,-1.00 
2017/11/08 12:52:13;03,02;14.00,10.00,4.00,10.00,24.00,8.00,1.00,-2.00 
2017/11/08 12:52:13;03,02;13.00,12.00,3.00,9.00,21.00,8.00,0.00,-1.00 
2017/11/08 12:52:14;03,02;13.00,11.00,3.00,10.00,25.00,6.00,-1.00,-1.00 
2017/11/08 12:52:14;03,02;15.00,11.00,3.00,10.00,23.00,6.00,0.00,-1.00 
2017/11/08 12:52:16;03,02;13.00,11.00,0.00,9.00,24.00,4.00,-2.00,0.00 
2017/11/08 12:52:16;03,02;13.00,12.00,0.00,10.00,23.00,5.00,-1.00,0.00 
2017/11/08 12:52:16;03,02;13.00,11.00,1.00,9.00,23.00,5.00,-3.00,0.00 
2017/11/08 12:52:17;03,02;10.00,9.00,2.00,10.00,23.00,4.00,-1.00,0.00 
2017/11/08 12:52:18;03,02;10.00,11.00,2.00,10.00,25.00,4.00,-1.00,0.00 
2017/11/08 12:52:18;03,02;13.00,10.00,2.00,11.00,22.00,5.00,1.00,0.00 
2017/11/08 12:52:18;03,02;13.00,8.00,1.00,10.00,16.00,5.00,0.00,-1.00 
2017/11/08 12:52:18;03,02;10.00,11.00,1.00,10.00,21.00,6.00,1.00,-1.00 
2017/11/08 12:52:19;03,02;10.00,10.00,0.00,10.00,21.00,3.00,-1.00,-1.00 
2017/11/08 12:52:19;03,02;11.00,9.00,1.00,9.00,25.00,2.00,-1.00,-1.00 
2017/11/08 12:52:19;03,02;11.00,9.00,1.00,10.00,20.00,3.00,-2.00,-1.00 
2017/11/08 12:52:19;03,02;13.00,9.00,0.00,10.00,25.00,1.00,-3.00,-1.00 
2017/11/08 12:52:20;03,02;11.00,9.00,0.00,8.00,19.00,3.00,-2.00,-1.00 
2017/11/08 12:52:22;01,07;0.00,-2.00,0.00,0.00,-2.00,0.00,3.00,-4.00 
2017/11/08 12:52:23;01,07;-1.00,-2.00,0.00,-1.00,0.00,-2.00,3.00,-3.00 
2017/11/08 12:52:23;01,07;-1.00,-1.00,1.00,-1.00,-1.00,-4.00,4.00,-1.00 
2017/11/08 12:52:24;03,02;10.00,6.00,-1.00,10.00,24.00,2.00,-2.00,0.00 
2017/11/08 12:52:24;03,02;10.00,6.00,-1.00,8.00,21.00,2.00,0.00,0.00 
2017/11/08 12:52:25;01,07;0.00,-2.00,0.00,-1.00,-1.00,-3.00,-4.00,3.00 
2017/11/08 12:52:25;01,07;0.00,-2.00,0.00,0.00,0.00,-2.00,-4.00,-1.00 
2017/11/08 12:52:26;01,07;-2.00,-1.00,1.00,1.00,1.00,-1.00,-3.00,-1.00 
2017/11/08 12:52:27;03,02;7.00,8.00,5.00,7.00,25.00,1.00,-1.00,-1.00 
2017/11/08 12:52:27;03,02;7.00,8.00,3.00,7.00,21.00,0.00,-1.00,0.00 
2017/11/08 12:52:27;03,02;7.00,7.00,0.00,9.00,25.00,0.00,-2.00,0.00 
2017/11/08 12:52:27;03,02;7.00,8.00,2.00,9.00,27.00,-1.00,0.00,0.00 
2017/11/08 12:52:27;03,02;9.00,8.00,0.00,10.00,24.00,0.00,-1.00,-1.00 
2017/11/08 12:52:27;03,02;9.00,8.00,2.00,9.00,23.00,1.00,-1.00,-1.00 
2017/11/08 12:52:28;03,02;9.00,5.00,0.00,8.00,25.00,1.00,0.00,1.00 
2017/11/08 12:52:28;03,02;7.00,5.00,1.00,7.00,17.00,2.00,0.00,-1.00 
2017/11/08 12:52:29;03,02;4.00,2.00,0.00,6.00,22.00,3.00,1.00,0.00 
2017/11/08 12:52:29;03,02;1.00,1.00,0.00,6.00,26.00,5.00,2.00,1.00 
2017/11/08 12:52:29;03,02;-3.00,-8.00,-7.00,8.00,34.00,7.00,3.00,0.00 
2017/11/08 12:52:29;03,02;-7.00,-11.00,-14.00,2.00,28.00,8.00,2.00,6.00 
2017/11/08 12:52:29;03,02;-2.00,-14.00,-17.00,0.00,23.00,8.00,1.00,13.00 
2017/11/08 12:52:29;03,02;-6.00,-15.00,-15.00,-1.00,26.00,10.00,4.00,-2.00 
2017/11/08 12:52:30;03,03;0.00,-1.00,1.00,17.00,21.00,-1.00,0.00,0.00 
2017/11/08 12:52:30;03,03;0.00,-3.00,1.00,17.00,24.00,0.00,0.00,-2.00 
2017/11/08 12:52:30;03,02;-7.00,-13.00,-15.00,-3.00,16.00,2.00,1.00,2.00 
2017/11/08 12:52:30;03,03;-1.00,-2.00,1.00,16.00,41.00,3.00,-2.00,0.00 
2017/11/08 12:52:30;03,02;-7.00,-13.00,-15.00,-4.00,5.00,-6.00,0.00,4.00 
2017/11/08 12:52:30;03,03;0.00,0.00,1.00,14.00,52.00,3.00,0.00,-1.00 
2017/11/08 12:52:31;03,03;-2.00,0.00,1.00,13.00,50.00,3.00,0.00,1.00 
2017/11/08 12:52:31;03,02;-7.00,-13.00,-15.00,-4.00,-6.00,-13.00,-2.00,6.00 
2017/11/08 12:52:31;03,02;-7.00,-13.00,-14.00,-6.00,-6.00,-13.00,-2.00,4.00 
2017/11/08 12:52:31;03,02;-7.00,-13.00,-13.00,5.00,-4.00,-17.00,-5.00,3.00 
2017/11/08 12:52:32;03,02;-8.00,-13.00,-14.00,8.00,-4.00,-16.00,-5.00,2.00 
2017/11/08 12:52:32;03,03;-3.00,0.00,1.00,9.00,41.00,3.00,-1.00,0.00 
2017/11/08 12:52:32;03,02;-8.00,-11.00,-12.00,20.00,1.00,-11.00,-2.00,4.00 
2017/11/08 12:52:32;03,03;-1.00,0.00,0.00,8.00,34.00,4.00,0.00,1.00 
2017/11/08 12:52:32;03,02;-7.00,-11.00,-12.00,24.00,4.00,-8.00,-1.00,2.00 
2017/11/08 12:52:32;03,03;-1.00,0.00,-1.00,8.00,26.00,3.00,0.00,0.00 
2017/11/08 12:52:32;03,02;-7.00,-10.00,-10.00,33.00,6.00,-9.00,-1.00,3.00 
2017/11/08 12:52:32;03,03;-2.00,0.00,0.00,10.00,19.00,1.00,0.00,0.00 
2017/11/08 12:52:32;03,02;-7.00,-10.00,-9.00,36.00,6.00,-11.00,-1.00,2.00 
2017/11/08 12:52:32;03,03;-1.00,0.00,0.00,10.00,14.00,1.00,1.00,0.00 
2017/11/08 12:52:33;03,02;-6.00,-11.00,-8.00,46.00,4.00,-11.00,-1.00,0.00 
2017/11/08 12:52:33;03,03;-2.00,0.00,0.00,10.00,10.00,2.00,1.00,0.00 
2017/11/08 12:52:33;03,02;-8.00,-10.00,-8.00,48.00,3.00,-12.00,-2.00,0.00 
2017/11/08 12:52:33;03,03;-1.00,0.00,-1.00,3.00,3.00,2.00,1.00,0.00 
2017/11/08 12:52:34;03,03;0.00,-1.00,-1.00,0.00,12.00,0.00,0.00,0.00 
2017/11/08 12:52:34;03,03;-1.00,-2.00,0.00,1.00,15.00,0.00,-1.00,1.00 
2017/11/08 12:52:34;01,06;0.00,-1.00,-4.00,3.00,0.00,-1.00,-1.00,0.00 
2017/11/08 12:52:34;03,02;-7.00,-10.00,-9.00,31.00,2.00,-10.00,1.00,14.00 
2017/11/08 12:52:34;03,03;0.00,-1.00,0.00,2.00,26.00,2.00,-1.00,1.00 
2017/11/08 12:52:34;01,06;0.00,0.00,-3.00,0.00,-3.00,-1.00,-1.00,0.00 
2017/11/08 12:52:34;03,02;-7.00,-10.00,-10.00,9.00,-1.00,-9.00,2.00,19.00 
2017/11/08 12:52:34;03,03;-2.00,-1.00,1.00,3.00,30.00,2.00,-1.00,1.00 
2017/11/08 12:52:34;03,02;-7.00,-11.00,-4.00,-2.00,-6.00,-12.00,2.00,23.00 
2017/11/08 12:52:34;03,02;-4.00,-1.00,-8.00,-9.00,-8.00,-15.00,8.00,25.00 
2017/11/08 12:52:34;03,02;7.00,0.00,-15.00,-9.00,-9.00,-22.00,25.00,29.00 
2017/11/08 12:52:35;03,02;12.00,-5.00,-15.00,-8.00,-9.00,-22.00,-4.00,38.00 
2017/11/08 12:52:35;01,06;0.00,-1.00,-4.00,1.00,-2.00,-1.00,-1.00,0.00 
2017/11/08 12:52:35;01,06;-2.00,-1.00,-2.00,2.00,-1.00,-1.00,0.00,2.00 
2017/11/08 12:52:35;03,03;-2.00,-2.00,0.00,1.00,30.00,3.00,-1.00,1.00 
2017/11/08 12:52:35;03,03;-1.00,-1.00,0.00,1.00,23.00,3.00,-2.00,2.00 
2017/11/08 12:52:35;03,02;26.00,-10.00,-15.00,-5.00,-8.00,-17.00,0.00,30.00 
2017/11/08 12:52:35;03,03;-2.00,-1.00,0.00,1.00,25.00,2.00,-1.00,0.00 
2017/11/08 12:52:35;03,02;32.00,-10.00,-15.00,-5.00,-8.00,-16.00,0.00,25.00 
2017/11/08 12:52:36;03,02;36.00,-10.00,-15.00,-6.00,-8.00,-16.00,0.00,21.00 
2017/11/08 12:52:36;03,03;-2.00,-1.00,0.00,2.00,23.00,1.00,-2.00,1.00 
2017/11/08 12:52:36;03,02;43.00,-10.00,-14.00,-6.00,-7.00,-16.00,-1.00,8.00 
2017/11/08 12:52:36;03,03;-1.00,-1.00,1.00,2.00,14.00,16.00,2.00,2.00 
2017/11/08 12:52:36;03,03;0.00,-1.00,0.00,1.00,6.00,39.00,29.00,5.00 
2017/11/08 12:52:36;03,03;-1.00,-1.00,0.00,2.00,-2.00,5.00,5.00,26.00 
2017/11/08 12:52:36;03,03;0.00,-1.00,-1.00,2.00,-2.00,-4.00,10.00,6.00 
2017/11/08 12:52:36;03,03;-1.00,-3.00,-1.00,0.00,-2.00,-3.00,16.00,31.00 
2017/11/08 12:52:36;03,03;-2.00,-2.00,-1.00,1.00,-2.00,-1.00,17.00,60.00 
2017/11/08 12:52:37;03,02;-5.00,-8.00,-14.00,-6.00,-7.00,-16.00,-5.00,1.00 
2017/11/08 12:52:37;03,03;1.00,-1.00,1.00,4.00,-1.00,8.00,51.00,50.00 
2017/11/08 12:52:37;03,03;0.00,-2.00,2.00,30.00,1.00,10.00,42.00,41.00 
2017/11/08 12:52:37;03,03;3.00,5.00,-7.00,-22.00,-1.00,12.00,44.00,49.00 
2017/11/08 12:52:37;03,04;0.00,0.00,1.00,11.00,10.00,0.00,0.00,-1.00 
2017/11/08 12:52:37;03,02;-10.00,-12.00,-14.00,-6.00,-8.00,-16.00,-5.00,-1.00 
2017/11/08 12:52:37;03,03;-1.00,3.00,-5.00,-16.00,-1.00,12.00,39.00,40.00 
2017/11/08 12:52:37;03,04;0.00,6.00,15.00,19.00,2.00,-1.00,-1.00,-2.00 
2017/11/08 12:52:38;03,04;0.00,-1.00,92.00,13.00,4.00,-2.00,-2.00,-1.00 
2017/11/08 12:52:38;03,03;-2.00,-1.00,-2.00,-3.00,-1.00,7.00,-6.00,60.00 
2017/11/08 12:52:38;03,04;0.00,2.00,63.00,15.00,5.00,-1.00,0.00,-1.00 
2017/11/08 12:52:38;03,03;-1.00,-1.00,-1.00,-2.00,-1.00,4.00,-14.00,34.00 
2017/11/08 12:52:38;03,04;81.00,16.00,44.00,23.00,-13.00,-1.00,-5.00,-5.00 
2017/11/08 12:52:38;03,03;-2.00,-1.00,1.00,-1.00,-1.00,0.00,-3.00,-70.00 
2017/11/08 12:52:38;03,04;-7.00,5.00,42.00,23.00,-6.00,-1.00,-2.00,-1.00 
2017/11/08 12:52:38;03,03;-2.00,-1.00,1.00,-1.00,-1.00,-1.00,-2.00,-58.00 
2017/11/08 12:52:38;03,05;0.00,0.00,12.00,11.00,0.00,-1.00,-1.00,0.00 
2017/11/08 12:52:38;03,04;-16.00,0.00,58.00,23.00,-3.00,-1.00,-1.00,-1.00 
2017/11/08 12:52:38;03,03;-3.00,-4.00,1.00,-1.00,-1.00,-1.00,0.00,-39.00 
2017/11/08 12:52:38;03,04;-10.00,5.00,38.00,20.00,-1.00,-1.00,-2.00,-1.00 
2017/11/08 12:52:38;04,05;-1.00,-1.00,-1.00,-1.00,15.00,45.00,-1.00,-1.00 
2017/11/08 12:52:38;03,04;-6.00,10.00,40.00,12.00,0.00,-1.00,-1.00,-1.00 
2017/11/08 12:52:39;04,05;-1.00,0.00,-1.00,0.00,11.00,16.00,-1.00,-1.00 
2017/11/08 12:52:39;03,05;1.00,0.00,8.00,4.00,0.00,-1.00,-1.00,0.00 
2017/11/08 12:52:39;03,04;3.00,25.00,-48.00,6.00,1.00,-1.00,-2.00,-1.00 
2017/11/08 12:52:39;03,04;4.00,31.00,-47.00,4.00,0.00,0.00,-1.00,0.00 
2017/11/08 12:52:39;04,05;-1.00,-2.00,-1.00,-1.00,4.00,6.00,0.00,-1.00 
2017/11/08 12:52:39;04,04;0.00,-3.00,0.00,0.00,-1.00,-9.00,80.00,1.00 
2017/11/08 12:52:39;03,04;6.00,17.00,-38.00,3.00,0.00,1.00,1.00,0.00 
2017/11/08 12:52:39;03,05;0.00,0.00,8.00,4.00,0.00,-1.00,-1.00,-2.00 
2017/11/08 12:52:39;04,04;0.00,-4.00,0.00,0.00,-1.00,5.00,33.00,23.00 
2017/11/08 12:52:39;04,04;-1.00,-2.00,0.00,0.00,-1.00,3.00,35.00,25.00 
2017/11/08 12:52:39;03,03;-2.00,-3.00,1.00,-2.00,-1.00,-2.00,2.00,2.00 
2017/11/08 12:52:39;04,05;-1.00,-2.00,-1.00,-1.00,1.00,4.00,-1.00,-1.00 
2017/11/08 12:52:39;03,05;-1.00,0.00,8.00,4.00,0.00,-1.00,-2.00,-1.00 
2017/11/08 12:52:40;04,04;0.00,-3.00,0.00,0.00,0.00,11.00,45.00,24.00 
2017/11/08 12:52:40;03,04;6.00,17.00,-8.00,1.00,1.00,1.00,1.00,0.00 
2017/11/08 12:52:40;04,04;-1.00,-4.00,0.00,0.00,0.00,11.00,47.00,25.00 
2017/11/08 12:52:40;04,05;-1.00,-2.00,-2.00,-1.00,4.00,20.00,-1.00,-1.00 
2017/11/08 12:52:40;03,03;-2.00,-3.00,1.00,-1.00,-1.00,-2.00,2.00,5.00 
2017/11/08 12:52:40;04,05;-1.00,-2.00,-1.00,-1.00,3.00,15.00,-1.00,-1.00 
2017/11/08 12:52:40;04,04;-1.00,-2.00,0.00,0.00,0.00,11.00,43.00,22.00 
2017/11/08 12:52:40;04,05;-1.00,-1.00,-2.00,-1.00,3.00,13.00,-1.00,-1.00 
2017/11/08 12:52:41;03,03;-1.00,-2.00,1.00,0.00,0.00,-1.00,1.00,5.00 
2017/11/08 12:52:41;03,02;-6.00,-10.00,-12.00,-5.00,-7.00,-14.00,-1.00,-3.00 
2017/11/08 12:52:41;04,05;0.00,-1.00,0.00,0.00,1.00,8.00,0.00,0.00 
2017/11/08 12:52:41;03,04;2.00,22.00,3.00,-2.00,-1.00,0.00,0.00,0.00 
2017/11/08 12:52:42;03,02;-5.00,-10.00,-12.00,-5.00,-6.00,-14.00,-2.00,-3.00 
2017/11/08 12:52:42;04,05;0.00,-1.00,0.00,0.00,1.00,11.00,0.00,0.00 
2017/11/08 12:52:42;03,02;-5.00,-10.00,-12.00,-6.00,-8.00,-14.00,-2.00,-4.00 
2017/11/08 12:52:42;04,05;0.00,-2.00,0.00,0.00,2.00,10.00,1.00,0.00 
2017/11/08 12:52:42;03,02;-5.00,-10.00,-12.00,-6.00,-8.00,-14.00,-2.00,-3.00 
2017/11/08 12:52:47;03,05;1.00,-1.00,1.00,-1.00,-1.00,0.00,0.00,0.00 
2017/11/08 12:52:47;03,05;2.00,-1.00,2.00,-1.00,-1.00,0.00,0.00,1.00 
2017/11/08 12:52:48;03,05;1.00,-1.00,1.00,-2.00,-1.00,0.00,0.00,0.00 
2017/11/08 12:52:52;03,04;3.00,36.00,1.00,-1.00,-1.00,0.00,0.00,-1.00 
2017/11/08 12:52:52;04,04;0.00,1.00,0.00,0.00,3.00,3.00,-1.00,2.00 
2017/11/08 12:52:52;04,04;0.00,1.00,2.00,0.00,1.00,9.00,-16.00,2.00 
2017/11/08 12:52:52;04,04;13.00,1.00,2.00,3.00,-1.00,4.00,-12.00,4.00 
2017/11/08 12:52:52;03,04;-1.00,23.00,0.00,-1.00,-2.00,0.00,0.00,0.00 
2017/11/08 12:52:52;04,04;13.00,1.00,4.00,0.00,4.00,4.00,-4.00,6.00 
2017/11/08 12:52:52;03,04;-10.00,11.00,0.00,-2.00,-1.00,1.00,1.00,0.00 
2017/11/08 12:52:52;04,05;-1.00,-1.00,-1.00,1.00,-3.00,-3.00,2.00,-1.00 
2017/11/08 12:52:52;04,04;21.00,5.00,4.00,1.00,6.00,6.00,8.00,11.00 
2017/11/08 12:52:52;04,04;23.00,5.00,4.00,0.00,4.00,6.00,10.00,13.00 
2017/11/08 12:52:53;03,04;-5.00,4.00,0.00,-1.00,-1.00,1.00,1.00,0.00 
2017/11/08 12:52:53;04,04;26.00,5.00,4.00,0.00,3.00,6.00,12.00,15.00 
2017/11/08 12:52:53;04,05;-1.00,-2.00,-1.00,3.00,0.00,-2.00,1.00,-1.00 
2017/11/08 12:52:53;03,04;-5.00,6.00,-1.00,-1.00,-1.00,2.00,1.00,0.00 
2017/11/08 12:52:53;04,05;-1.00,-1.00,-1.00,3.00,-1.00,-2.00,0.00,-1.00 
2017/11/08 12:52:53;04,04;36.00,5.00,3.00,0.00,3.00,2.00,13.00,16.00 
2017/11/08 12:52:53;03,04;-5.00,6.00,0.00,-1.00,-1.00,0.00,0.00,0.00 
2017/11/08 12:52:54;04,05;-1.00,-1.00,-1.00,3.00,-1.00,-1.00,0.00,-1.00 
2017/11/08 12:52:55;04,04;25.00,4.00,3.00,-1.00,2.00,5.00,19.00,16.00 
2017/11/08 12:52:55;03,01;-1.00,0.00,1.00,-2.00,-1.00,0.00,0.00,1.00 
2017/11/08 12:52:55;04,04;22.00,3.00,3.00,-1.00,2.00,-3.00,12.00,9.00 
2017/11/08 12:52:56;04,04;10.00,0.00,3.00,-1.00,0.00,-6.00,14.00,9.00 
2017/11/08 12:52:56;03,01;-1.00,0.00,1.00,0.00,-1.00,1.00,0.00,0.00 
2017/11/08 12:52:56;03,04;-2.00,24.00,1.00,-1.00,-2.00,0.00,0.00,-1.00 
2017/11/08 12:52:56;04,04;-8.00,0.00,0.00,-1.00,-2.00,-6.00,20.00,39.00 
2017/11/08 12:52:56;04,04;-6.00,0.00,0.00,-1.00,0.00,-3.00,17.00,19.00 
2017/11/08 12:52:56;03,01;-1.00,-1.00,-1.00,-2.00,-1.00,-1.00,-1.00,-1.00 
2017/11/08 12:52:56;03,04;-4.00,22.00,1.00,-1.00,-2.00,0.00,0.00,-1.00 
2017/11/08 12:52:56;04,04;-3.00,0.00,1.00,-1.00,0.00,-2.00,23.00,23.00 
2017/11/08 12:52:56;04,04;-2.00,0.00,0.00,-1.00,0.00,-2.00,24.00,25.00 
2017/11/08 12:52:57;04,04;-2.00,0.00,-1.00,-1.00,-1.00,-2.00,26.00,30.00 
2017/11/08 12:52:57;03,04;0.00,27.00,1.00,-1.00,0.00,-1.00,0.00,-1.00 
2017/11/08 12:52:57;03,04;7.00,49.00,1.00,0.00,-1.00,-1.00,0.00,-1.00 
2017/11/08 12:52:57;03,04;3.00,20.00,1.00,0.00,0.00,-1.00,0.00,-1.00 
2017/11/08 12:52:58;04,04;1.00,1.00,-2.00,0.00,-2.00,-1.00,13.00,18.00 
2017/11/08 12:52:58;04,04;1.00,1.00,-2.00,0.00,-2.00,-1.00,8.00,11.00 
2017/11/08 12:52:59;04,04;1.00,0.00,-2.00,0.00,-3.00,-2.00,10.00,10.00 
2017/11/08 12:52:59;04,04;1.00,1.00,-1.00,0.00,-3.00,-2.00,10.00,9.00 
2017/11/08 12:52:59;04,04;1.00,1.00,-1.00,0.00,-3.00,-2.00,9.00,7.00 
2017/11/08 12:53:00;04,05;-1.00,-1.00,-1.00,1.00,15.00,-2.00,1.00,-1.00 
2017/11/08 12:53:00;04,04;1.00,-1.00,-2.00,0.00,-3.00,-3.00,14.00,11.00 
2017/11/08 12:53:00;04,05;-1.00,-1.00,-1.00,-1.00,18.00,-2.00,-1.00,-1.00 
2017/11/08 12:53:00;04,04;1.00,0.00,-2.00,0.00,-3.00,-1.00,14.00,22.00 
2017/11/08 12:53:00;03,04;-2.00,23.00,0.00,1.00,-1.00,1.00,0.00,0.00 
2017/11/08 12:53:00;04,04;1.00,0.00,-2.00,0.00,-2.00,-1.00,14.00,25.00 
2017/11/08 12:53:00;04,04;1.00,0.00,-2.00,0.00,-3.00,-1.00,15.00,31.00 
2017/11/08 12:53:00;04,05;-1.00,0.00,-1.00,-1.00,21.00,-2.00,0.00,-1.00 
2017/11/08 12:53:00;04,04;1.00,1.00,-2.00,0.00,-2.00,-1.00,15.00,34.00 
2017/11/08 12:53:01;04,05;0.00,-1.00,0.00,0.00,27.00,-1.00,0.00,0.00 
2017/11/08 12:53:01;03,04;-1.00,26.00,-1.00,1.00,-1.00,0.00,1.00,0.00 
2017/11/08 12:53:01;04,05;0.00,-2.00,0.00,0.00,22.00,-1.00,0.00,0.00 
2017/11/08 12:53:01;03,04;-1.00,28.00,-1.00,1.00,-1.00,1.00,1.00,0.00 
2017/11/08 12:53:01;04,05;0.00,-3.00,0.00,0.00,16.00,-1.00,0.00,0.00 
2017/11/08 12:53:02;03,04;0.00,37.00,-1.00,0.00,-2.00,0.00,0.00,-1.00 
2017/11/08 12:53:02;03,04;-1.00,39.00,-1.00,0.00,0.00,-1.00,-2.00,-1.00 
2017/11/08 12:53:02;04,05;0.00,-2.00,0.00,0.00,17.00,-1.00,0.00,0.00 
2017/11/08 12:53:02;04,04;0.00,2.00,-1.00,-1.00,-2.00,0.00,12.00,25.00 
2017/11/08 12:53:02;04,05;0.00,-2.00,0.00,1.00,17.00,-1.00,0.00,0.00 
2017/11/08 12:53:03;04,05;0.00,-1.00,-1.00,0.00,18.00,-1.00,1.00,0.00 
2017/11/08 12:53:10;03,02;-1.00,-2.00,-4.00,-1.00,0.00,-6.00,-1.00,1.00 
2017/11/08 12:53:10;03,02;0.00,-1.00,-3.00,2.00,-1.00,-8.00,0.00,0.00 
2017/11/08 12:53:11;03,02;0.00,-1.00,-3.00,3.00,1.00,-6.00,0.00,1.00 
2017/11/08 12:53:11;03,02;0.00,-1.00,-3.00,0.00,0.00,-7.00,-1.00,1.00 
2017/11/08 12:53:13;01,07;-2.00,-1.00,0.00,0.00,0.00,3.00,12.00,-3.00 
2017/11/08 12:53:14;01,07;-1.00,-1.00,-2.00,1.00,0.00,0.00,3.00,0.00 
2017/11/08 12:53:14;01,07;-1.00,-2.00,-2.00,2.00,0.00,-2.00,-1.00,1.00 
2017/11/08 12:53:14;03,04;0.00,25.00,-1.00,0.00,-1.00,0.00,-1.00,-1.00 
2017/11/08 12:53:14;03,04;0.00,18.00,-1.00,0.00,0.00,0.00,-1.00,-1.00 
2017/11/08 12:53:14;03,04;-1.00,6.00,-2.00,0.00,-1.00,0.00,-1.00,-1.00 
2017/11/08 12:53:15;01,07;-1.00,-2.00,-2.00,-1.00,-3.00,-3.00,-4.00,1.00 
2017/11/08 12:53:15;03,04;-7.00,-3.00,-1.00,0.00,0.00,0.00,0.00,-1.00 
2017/11/08 12:53:15;03,05;0.00,-1.00,17.00,-5.00,-1.00,0.00,0.00,1.00 
2017/11/08 12:53:15;01,07;0.00,-2.00,-2.00,1.00,-2.00,-2.00,-4.00,1.00 
2017/11/08 12:53:15;03,04;-2.00,11.00,-1.00,-1.00,-1.00,-1.00,0.00,-1.00 
2017/11/08 12:53:15;03,04;-2.00,18.00,-1.00,1.00,-1.00,-1.00,0.00,-1.00 
2017/11/08 12:53:15;01,07;-1.00,-2.00,-2.00,0.00,-1.00,0.00,-4.00,-1.00 
2017/11/08 12:53:16;03,04;-2.00,25.00,-2.00,0.00,-1.00,0.00,-1.00,-1.00 
2017/11/08 12:53:16;03,04;0.00,29.00,-1.00,-1.00,0.00,-1.00,0.00,-1.00 
2017/11/08 12:53:16;04,04;0.00,-1.00,-1.00,-1.00,0.00,0.00,5.00,16.00 
2017/11/08 12:53:16;04,05;0.00,1.00,0.00,2.00,4.00,-1.00,0.00,0.00 
2017/11/08 12:53:16;03,04;2.00,36.00,-2.00,0.00,-1.00,0.00,-1.00,-1.00 
2017/11/08 12:53:16;04,04;0.00,-1.00,-1.00,-1.00,1.00,-2.00,9.00,7.00 
2017/11/08 12:53:16;04,05;0.00,0.00,0.00,0.00,3.00,-1.00,0.00,0.00 
2017/11/08 12:53:16;04,04;0.00,-1.00,-1.00,-1.00,0.00,-3.00,5.00,14.00 
2017/11/08 12:53:17;04,05;0.00,1.00,0.00,0.00,13.00,-1.00,0.00,0.00 
2017/11/08 12:53:17;03,04;0.00,28.00,-2.00,-1.00,-1.00,-1.00,-1.00,-1.00 
2017/11/08 12:53:17;04,04;-1.00,0.00,0.00,0.00,-1.00,0.00,7.00,25.00 
2017/11/08 12:53:17;04,05;-1.00,-1.00,-1.00,-1.00,17.00,0.00,-1.00,-1.00 
2017/11/08 12:53:17;04,04;-1.00,0.00,0.00,0.00,0.00,0.00,7.00,26.00 
2017/11/08 12:53:18;04,04;-1.00,-1.00,0.00,0.00,0.00,0.00,7.00,23.00 
2017/11/08 12:53:18;03,04;3.00,43.00,0.00,2.00,-1.00,0.00,-2.00,0.00 
2017/11/08 12:53:18;04,05;-1.00,0.00,-1.00,2.00,1.00,0.00,0.00,-1.00 
2017/11/08 12:53:19;04,04;-1.00,0.00,0.00,0.00,-1.00,1.00,21.00,10.00 
2017/11/08 12:53:19;04,04;-1.00,1.00,0.00,0.00,-1.00,1.00,25.00,15.00 
2017/11/08 12:53:19;04,04;-1.00,0.00,0.00,0.00,-1.00,0.00,17.00,18.00 
2017/11/08 12:53:19;04,05;-1.00,-1.00,-1.00,-1.00,-3.00,0.00,-1.00,-1.00 
2017/11/08 12:53:19;03,05;-1.00,-1.00,6.00,0.00,-1.00,0.00,0.00,0.00 
2017/11/08 12:53:19;04,04;-1.00,-1.00,0.00,0.00,-1.00,1.00,24.00,24.00 
2017/11/08 12:53:19;03,04;-1.00,31.00,0.00,0.00,-2.00,1.00,-2.00,0.00 
2017/11/08 12:53:19;04,05;-2.00,0.00,-1.00,-1.00,-3.00,0.00,-1.00,-1.00 
2017/11/08 12:53:19;03,04;-1.00,20.00,-1.00,0.00,-1.00,0.00,-1.00,0.00 
2017/11/08 12:53:19;03,05;-2.00,-1.00,6.00,0.00,-1.00,0.00,0.00,0.00 
2017/11/08 12:53:20;04,04;-1.00,-1.00,0.00,0.00,-1.00,7.00,42.00,23.00 
2017/11/08 12:53:20;03,04;-3.00,9.00,-2.00,0.00,-3.00,1.00,-1.00,0.00 
2017/11/08 12:53:20;04,05;-1.00,-1.00,-1.00,0.00,-3.00,0.00,-1.00,-1.00 
2017/11/08 12:53:20;03,05;0.00,-1.00,2.00,-3.00,-1.00,0.00,0.00,1.00 
2017/11/08 12:53:20;03,05;0.00,-1.00,-5.00,-3.00,-1.00,0.00,0.00,2.00 
2017/11/08 12:53:20;03,04;1.00,19.00,-2.00,0.00,-1.00,0.00,-1.00,0.00 
2017/11/08 12:53:20;04,04;0.00,-1.00,-1.00,-1.00,-1.00,6.00,40.00,24.00 
2017/11/08 12:53:20;03,04;2.00,26.00,-1.00,0.00,-2.00,0.00,-2.00,0.00 
2017/11/08 12:53:20;03,04;3.00,30.00,-2.00,1.00,-2.00,0.00,-2.00,0.00 
2017/11/08 12:53:20;04,04;0.00,-1.00,-1.00,-1.00,-1.00,4.00,38.00,23.00 
2017/11/08 12:53:21;04,04;0.00,-1.00,-1.00,-1.00,-1.00,5.00,35.00,22.00 
2017/11/08 12:53:21;03,05;-1.00,-1.00,-1.00,2.00,-1.00,0.00,-1.00,0.00 
2017/11/08 12:53:21;03,04;3.00,38.00,-2.00,-1.00,-1.00,-1.00,0.00,-1.00 
2017/11/08 12:53:21;03,05;-2.00,-1.00,0.00,3.00,-1.00,0.00,0.00,0.00 
2017/11/08 12:53:28;04,04;0.00,-1.00,-1.00,-1.00,-2.00,2.00,34.00,16.00 
2017/11/08 12:53:33;03,04;0.00,30.00,-1.00,0.00,0.00,0.00,1.00,0.00 
2017/11/08 12:53:34;03,04;-1.00,14.00,0.00,-1.00,0.00,-1.00,-1.00,-1.00 
2017/11/08 12:53:34;03,04;-4.00,1.00,-1.00,-1.00,-1.00,0.00,0.00,-1.00 
2017/11/08 12:53:34;03,04;-4.00,7.00,-1.00,-1.00,-1.00,1.00,0.00,-1.00 
2017/11/08 12:53:34;03,04;-6.00,6.00,-2.00,0.00,0.00,-1.00,-1.00,-1.00 
2017/11/08 12:53:34;04,04;0.00,-2.00,-1.00,-1.00,1.00,4.00,46.00,17.00 
2017/11/08 12:53:35;03,05;2.00,-1.00,-12.00,-16.00,-1.00,0.00,0.00,-1.00 
2017/11/08 12:53:35;03,04;9.00,16.00,-2.00,-1.00,-1.00,0.00,-1.00,-1.00 
2017/11/08 12:53:35;03,05;0.00,0.00,-11.00,-7.00,0.00,-1.00,1.00,-1.00 
2017/11/08 12:53:35;04,04;0.00,-1.00,-1.00,-1.00,0.00,0.00,35.00,16.00 
2017/11/08 12:53:35;03,04;6.00,26.00,1.00,-1.00,-1.00,-1.00,0.00,-1.00 
2017/11/08 12:53:35;03,04;6.00,31.00,1.00,-1.00,-1.00,-1.00,0.00,-1.00 
2017/11/08 12:53:35;03,05;0.00,0.00,-10.00,-5.00,0.00,-1.00,0.00,-2.00 
2017/11/08 12:53:35;04,04;0.00,-1.00,-1.00,-1.00,2.00,0.00,19.00,17.00 
2017/11/08 12:53:35;04,04;0.00,-1.00,-1.00,-1.00,1.00,-5.00,6.00,15.00 
2017/11/08 12:53:35;03,04;7.00,53.00,1.00,-2.00,-2.00,-1.00,-1.00,-1.00 
2017/11/08 12:53:35;04,04;0.00,-1.00,-1.00,-1.00,0.00,-8.00,11.00,13.00 
2017/11/08 12:53:36;03,04;8.00,48.00,1.00,-2.00,-1.00,0.00,-1.00,-1.00 
2017/11/08 12:53:36;03,05;0.00,0.00,-10.00,-2.00,0.00,-1.00,0.00,0.00 
2017/11/08 12:53:36;03,05;0.00,0.00,-10.00,-2.00,0.00,-1.00,1.00,-1.00 
2017/11/08 12:53:36;04,04;-1.00,0.00,0.00,0.00,-1.00,-3.00,7.00,13.00 
2017/11/08 12:53:36;03,05;-1.00,0.00,-9.00,-2.00,0.00,-1.00,0.00,0.00 
2017/11/08 12:53:37;04,04;-1.00,0.00,0.00,0.00,-1.00,-4.00,9.00,13.00 
2017/11/08 12:53:38;04,04;-1.00,0.00,0.00,0.00,0.00,-3.00,1.00,2.00 
2017/11/08 12:53:39;04,04;-1.00,-1.00,0.00,0.00,-1.00,-5.00,10.00,-5.00 
2017/11/08 12:53:39;04,05;-1.00,-1.00,-1.00,-1.00,15.00,0.00,-1.00,-1.00 
2017/11/08 12:53:39;04,04;-1.00,0.00,0.00,0.00,-1.00,-5.00,17.00,0.00 
2017/11/08 12:53:39;03,04;7.00,41.00,0.00,0.00,0.00,0.00,0.00,0.00 
2017/11/08 12:53:39;04,05;0.00,-1.00,0.00,0.00,9.00,2.00,0.00,0.00 
2017/11/08 12:53:39;04,04;0.00,-1.00,-1.00,-1.00,0.00,-4.00,26.00,2.00 
2017/11/08 12:53:40;03,04;5.00,6.00,0.00,0.00,-1.00,0.00,0.00,0.00 
2017/11/08 12:53:40;03,05;1.00,-1.00,-8.00,6.00,-1.00,0.00,0.00,-2.00 
2017/11/08 12:53:40;04,05;0.00,-1.00,0.00,1.00,12.00,4.00,1.00,0.00 
2017/11/08 12:53:40;04,04;0.00,0.00,-1.00,-1.00,0.00,-3.00,42.00,10.00 
2017/11/08 12:53:40;03,05;1.00,-1.00,37.00,26.00,-1.00,0.00,0.00,-1.00 
2017/11/08 12:53:40;03,05;0.00,-1.00,50.00,-19.00,-1.00,0.00,-1.00,-1.00 
2017/11/08 12:53:40;03,05;0.00,-1.00,8.00,-9.00,-1.00,0.00,0.00,-2.00 
2017/11/08 12:53:40;03,04;-9.00,2.00,-2.00,0.00,-1.00,-1.00,-1.00,-1.00 
2017/11/08 12:53:41;03,05;0.00,-1.00,11.00,1.00,-1.00,0.00,0.00,-2.00 
2017/11/08 12:53:41;04,04;0.00,-1.00,-1.00,-1.00,0.00,-3.00,41.00,13.00 
2017/11/08 12:53:41;03,05;-1.00,-1.00,9.00,2.00,-1.00,0.00,-1.00,-2.00 
2017/11/08 12:53:41;03,04;-6.00,6.00,-2.00,1.00,-1.00,-1.00,0.00,-1.00 
2017/11/08 12:53:41;03,05;0.00,0.00,7.00,1.00,0.00,-1.00,0.00,-1.00 
2017/11/08 12:53:42;03,04;-5.00,6.00,-1.00,0.00,-1.00,1.00,0.00,-1.00 
2017/11/08 12:53:44;04,05;-1.00,-1.00,-1.00,-1.00,4.00,1.00,1.00,-1.00 
2017/11/08 12:53:45;04,05;-1.00,-1.00,-1.00,0.00,6.00,0.00,-1.00,-1.00 
2017/11/08 12:53:45;04,05;-1.00,0.00,-1.00,-1.00,8.00,1.00,1.00,-1.00 
2017/11/08 12:53:45;04,05;-1.00,0.00,-1.00,-1.00,9.00,1.00,0.00,-1.00 
2017/11/08 12:53:47;04,04;0.00,2.00,-1.00,-1.00,0.00,-3.00,28.00,16.00 
2017/11/08 12:53:47;04,05;0.00,-1.00,0.00,0.00,15.00,5.00,0.00,0.00 
2017/11/08 12:53:47;03,04;-8.00,-7.00,0.00,-1.00,0.00,-1.00,0.00,-1.00 
2017/11/08 12:53:47;03,05;0.00,-1.00,19.00,-6.00,-1.00,0.00,0.00,-1.00 
2017/11/08 12:53:48;04,05;0.00,-1.00,0.00,0.00,11.00,5.00,0.00,0.00 
2017/11/08 12:53:48;03,05;-2.00,-1.00,25.00,-4.00,-1.00,0.00,-1.00,-3.00 
2017/11/08 12:53:48;03,04;4.00,-4.00,-1.00,-2.00,-1.00,-1.00,-1.00,-1.00 
2017/11/08 12:53:48;03,04;7.00,-2.00,-1.00,-1.00,1.00,-1.00,0.00,-1.00 
2017/11/08 12:53:48;04,04;0.00,2.00,-1.00,-1.00,0.00,-3.00,22.00,9.00 
2017/11/08 12:53:48;03,04;12.00,3.00,-1.00,-2.00,-1.00,0.00,-1.00,-1.00 
2017/11/08 12:53:48;01,07;0.00,0.00,0.00,0.00,0.00,2.00,10.00,0.00 
2017/11/08 12:53:48;04,05;0.00,-1.00,0.00,0.00,9.00,0.00,-1.00,0.00 
2017/11/08 12:53:49;03,04;12.00,4.00,0.00,-1.00,0.00,-1.00,-1.00,-1.00 
2017/11/08 12:53:49;01,07;-1.00,0.00,0.00,0.00,0.00,1.00,6.00,1.00 
2017/11/08 12:53:49;04,04;0.00,1.00,-1.00,-1.00,0.00,-3.00,27.00,8.00 
2017/11/08 12:53:49;03,04;9.00,2.00,-1.00,-1.00,0.00,-1.00,0.00,-1.00 
2017/11/08 12:53:49;01,07;0.00,1.00,0.00,0.00,2.00,0.00,-1.00,1.00 
2017/11/08 12:53:49;04,04;-1.00,-1.00,0.00,0.00,-1.00,-1.00,28.00,7.00 
2017/11/08 12:53:49;01,07;0.00,-1.00,-1.00,0.00,-1.00,-1.00,6.00,1.00 
2017/11/08 12:53:49;03,04;6.00,0.00,-1.00,-1.00,-1.00,-1.00,-1.00,-1.00 
2017/11/08 12:53:50;03,04;11.00,1.00,0.00,0.00,0.00,-1.00,-1.00,0.00 
2017/11/08 12:53:50;04,04;-1.00,-1.00,0.00,0.00,-1.00,-2.00,14.00,1.00 
2017/11/08 12:53:50;01,07;1.00,0.00,-1.00,2.00,2.00,3.00,13.00,1.00 
2017/11/08 12:53:50;04,04;-1.00,1.00,0.00,0.00,-1.00,-3.00,11.00,0.00 
2017/11/08 12:53:50;01,07;0.00,-1.00,-1.00,0.00,-2.00,3.00,13.00,0.00 
2017/11/08 12:53:51;04,04;-1.00,-1.00,0.00,0.00,-1.00,-3.00,10.00,0.00 
2017/11/08 12:53:51;01,07;1.00,-1.00,-1.00,1.00,0.00,3.00,9.00,-3.00 
2017/11/08 12:53:51;04,04;-1.00,-1.00,0.00,0.00,-1.00,-2.00,9.00,-1.00 
2017/11/08 12:53:52;01,07;-1.00,0.00,-1.00,0.00,1.00,2.00,1.00,-3.00 
2017/11/08 12:53:52;01,07;1.00,-1.00,-1.00,1.00,0.00,2.00,0.00,-1.00 
2017/11/08 12:53:52;01,07;-1.00,0.00,0.00,0.00,-1.00,1.00,-1.00,-1.00 
2017/11/08 12:53:53;01,07;1.00,0.00,0.00,-1.00,-2.00,3.00,0.00,-2.00 
2017/11/08 12:53:54;04,05;0.00,-1.00,0.00,0.00,4.00,-2.00,-2.00,0.00 
2017/11/08 12:53:55;04,05;0.00,-1.00,0.00,0.00,5.00,-2.00,-2.00,0.00 
2017/11/08 12:53:55;04,05;0.00,-1.00,0.00,0.00,6.00,-2.00,-1.00,0.00 
2017/11/08 12:53:55;04,05;0.00,-1.00,0.00,0.00,6.00,-2.00,-1.00,0.00 
2017/11/08 12:54:01;04,04;0.00,-1.00,-1.00,-1.00,0.00,-2.00,19.00,12.00 
2017/11/08 12:54:02;03,04;-4.00,-6.00,-1.00,0.00,0.00,0.00,0.00,-1.00 
2017/11/08 12:54:02;04,04;-1.00,-2.00,0.00,0.00,-1.00,-1.00,24.00,13.00 
2017/11/08 12:54:02;04,04;-1.00,-1.00,0.00,0.00,-1.00,-1.00,24.00,11.00 
2017/11/08 12:54:02;04,04;-1.00,1.00,0.00,0.00,-1.00,0.00,23.00,11.00 
2017/11/08 12:54:02;03,04;0.00,-5.00,-1.00,-2.00,-1.00,0.00,0.00,-1.00 
2017/11/08 12:54:03;03,04;0.00,-4.00,-2.00,-1.00,0.00,1.00,1.00,0.00 
2017/11/08 12:54:05;03,05;0.00,-1.00,29.00,0.00,-1.00,0.00,-1.00,0.00 
2017/11/08 12:54:06;04,04;0.00,-2.00,-1.00,-1.00,0.00,-2.00,24.00,8.00 
2017/11/08 12:54:06;04,04;0.00,-1.00,-1.00,-1.00,0.00,-1.00,22.00,7.00 
2017/11/08 12:54:08;03,04;8.00,1.00,0.00,-1.00,0.00,-1.00,-1.00,-1.00 
2017/11/08 12:54:08;04,04;0.00,0.00,-1.00,-1.00,0.00,-2.00,1.00,-2.00 
2017/11/08 12:54:08;03,04;8.00,0.00,0.00,-1.00,-1.00,-1.00,-1.00,-1.00 
2017/11/08 12:54:08;04,05;-1.00,-2.00,-1.00,-1.00,6.00,-3.00,0.00,-1.00 
2017/11/08 12:54:09;04,04;-1.00,-1.00,0.00,0.00,-1.00,0.00,-1.00,5.00 
2017/11/08 12:54:09;03,04;-6.00,-2.00,1.00,-1.00,-1.00,-1.00,-1.00,-1.00 
2017/11/08 12:54:09;03,05;0.00,0.00,18.00,-8.00,0.00,-1.00,-1.00,-1.00 
2017/11/08 12:54:09;04,04;-1.00,-1.00,0.00,0.00,-1.00,0.00,3.00,12.00 
2017/11/08 12:54:09;04,05;-1.00,-1.00,-1.00,-1.00,20.00,0.00,0.00,-1.00 
2017/11/08 12:54:09;03,04;-12.00,29.00,0.00,0.00,-1.00,1.00,0.00,-1.00 
2017/11/08 12:54:09;03,05;1.00,0.00,-8.00,-16.00,0.00,-1.00,-1.00,-1.00 
2017/11/08 12:54:09;03,04;-15.00,-28.00,1.00,-1.00,-1.00,1.00,-1.00,-1.00 
2017/11/08 12:54:09;04,04;-1.00,1.00,0.00,0.00,-1.00,0.00,12.00,17.00 
2017/11/08 12:54:09;04,05;-1.00,-1.00,-1.00,-1.00,24.00,11.00,-1.00,-1.00 
2017/11/08 12:54:09;03,04;-12.00,-11.00,0.00,0.00,0.00,-1.00,-1.00,0.00 
2017/11/08 12:54:09;04,04;-1.00,0.00,0.00,0.00,-1.00,-1.00,22.00,21.00 
2017/11/08 12:54:09;04,05;-1.00,0.00,-1.00,-1.00,19.00,8.00,-1.00,-1.00 
2017/11/08 12:54:09;03,05;2.00,0.00,-11.00,-10.00,0.00,-1.00,-2.00,-1.00 
2017/11/08 12:54:09;04,05;-1.00,-1.00,-1.00,3.00,4.00,8.00,-1.00,-1.00 
2017/11/08 12:54:09;04,04;-1.00,1.00,0.00,0.00,-1.00,1.00,23.00,12.00 
2017/11/08 12:54:09;04,04;14.00,1.00,2.00,0.00,-1.00,0.00,19.00,9.00 
2017/11/08 12:54:10;03,05;1.00,0.00,-9.00,-10.00,0.00,-1.00,-2.00,-1.00 
2017/11/08 12:54:10;04,05;-1.00,-1.00,-1.00,7.00,-4.00,2.00,-1.00,-1.00 
2017/11/08 12:54:10;04,04;29.00,1.00,0.00,0.00,-1.00,2.00,16.00,6.00 
2017/11/08 12:54:10;04,04;36.00,1.00,0.00,0.00,0.00,2.00,13.00,6.00 
2017/11/08 12:54:10;04,05;-1.00,0.00,-1.00,15.00,-4.00,6.00,0.00,-1.00 
2017/11/08 12:54:10;03,04;-11.00,-4.00,1.00,1.00,0.00,-1.00,-2.00,0.00 
2017/11/08 12:54:10;04,04;37.00,3.00,0.00,0.00,0.00,3.00,10.00,6.00 
2017/11/08 12:54:10;04,05;-1.00,0.00,1.00,15.00,-5.00,6.00,1.00,-1.00 
2017/11/08 12:54:11;03,04;-11.00,-4.00,2.00,1.00,0.00,-1.00,-2.00,0.00 
2017/11/08 12:54:11;04,05;-1.00,-1.00,1.00,15.00,-5.00,8.00,-1.00,-1.00 
2017/11/08 12:54:11;04,04;37.00,2.00,0.00,0.00,0.00,0.00,3.00,1.00 
2017/11/08 12:54:11;04,05;-1.00,-1.00,1.00,18.00,-5.00,8.00,2.00,-1.00 
2017/11/08 12:54:12;04,05;0.00,-1.00,0.00,18.00,-7.00,-1.00,0.00,0.00 
2017/11/08 12:54:12;04,04;39.00,0.00,-1.00,-1.00,1.00,5.00,29.00,3.00 
2017/11/08 12:54:12;04,04;41.00,0.00,-1.00,-1.00,1.00,14.00,19.00,-1.00 
2017/11/08 12:54:13;04,04;42.00,1.00,-1.00,-1.00,1.00,14.00,17.00,-3.00 
2017/11/08 12:54:13;04,04;38.00,0.00,-1.00,-1.00,1.00,15.00,23.00,-3.00 
2017/11/08 12:54:13;04,04;36.00,1.00,-1.00,-1.00,1.00,32.00,22.00,-2.00 
2017/11/08 12:54:13;04,04;30.00,0.00,-1.00,-1.00,3.00,27.00,33.00,-1.00 
2017/11/08 12:54:13;04,04;10.00,3.00,2.00,-1.00,4.00,37.00,41.00,-1.00 
2017/11/08 12:54:13;04,04;3.00,0.00,2.00,-1.00,4.00,39.00,38.00,-1.00 
2017/11/08 12:54:14;04,04;-1.00,0.00,1.00,-1.00,4.00,39.00,40.00,-2.00 
2017/11/08 12:54:14;04,04;-5.00,0.00,-1.00,-1.00,3.00,38.00,51.00,-4.00 
2017/11/08 12:54:14;04,05;0.00,-3.00,-2.00,0.00,-7.00,-5.00,0.00,0.00 
2017/11/08 12:54:14;04,04;-4.00,-1.00,-1.00,-1.00,3.00,35.00,38.00,-4.00 
2017/11/08 12:54:14;04,04;-2.00,0.00,-1.00,-1.00,3.00,38.00,21.00,-3.00 
2017/11/08 12:54:14;04,05;0.00,-3.00,-2.00,2.00,1.00,3.00,1.00,0.00 
2017/11/08 12:54:14;04,05;0.00,-2.00,-2.00,2.00,-5.00,14.00,1.00,0.00 
2017/11/08 12:54:14;04,05;0.00,-3.00,-2.00,2.00,-5.00,37.00,-2.00,0.00 
2017/11/08 12:54:15;04,04;-1.00,-1.00,-1.00,-1.00,2.00,-51.00,22.00,-5.00 
2017/11/08 12:54:15;04,05;0.00,-1.00,-2.00,2.00,1.00,52.00,2.00,0.00 
2017/11/08 12:54:15;04,04;-1.00,0.00,-1.00,-1.00,0.00,-40.00,-8.00,-2.00 
2017/11/08 12:54:15;04,04;0.00,0.00,0.00,0.00,0.00,-28.00,-23.00,0.00 
2017/11/08 12:54:15;03,04;-6.00,82.00,3.00,-1.00,-1.00,-1.00,0.00,-1.00 
2017/11/08 12:54:15;03,04;26.00,6.00,0.00,-1.00,-2.00,-1.00,-1.00,-1.00 
2017/11/08 12:54:15;04,05;-1.00,-1.00,-1.00,1.00,-5.00,8.00,1.00,-1.00 
2017/11/08 12:54:15;04,04;0.00,0.00,1.00,0.00,1.00,-1.00,-2.00,-8.00 
2017/11/08 12:54:15;03,05;0.00,0.00,21.00,25.00,0.00,-1.00,-1.00,-2.00 
2017/11/08 12:54:16;04,05;-1.00,-1.00,-1.00,1.00,-10.00,-6.00,1.00,-1.00 
2017/11/08 12:54:16;03,04;31.00,10.00,0.00,0.00,-1.00,0.00,-1.00,0.00 
2017/11/08 12:54:16;03,05;-1.00,0.00,16.00,18.00,0.00,-1.00,-2.00,-1.00 
2017/11/08 12:54:16;04,04;0.00,0.00,0.00,0.00,1.00,2.00,-4.00,-8.00 
2017/11/08 12:54:16;04,05;-1.00,0.00,-1.00,1.00,-10.00,-7.00,-3.00,-1.00 
2017/11/08 12:54:16;03,04;22.00,14.00,0.00,0.00,-2.00,1.00,-2.00,0.00 
2017/11/08 12:54:16;03,04;15.00,15.00,1.00,0.00,-1.00,1.00,-2.00,0.00 
2017/11/08 12:54:16;04,04;0.00,0.00,0.00,0.00,1.00,2.00,0.00,-8.00 
2017/11/08 12:54:16;03,04;8.00,17.00,1.00,1.00,-2.00,0.00,-1.00,0.00 
2017/11/08 12:54:16;04,05;-1.00,-1.00,-1.00,1.00,-10.00,-4.00,-2.00,-1.00 
2017/11/08 12:54:16;03,05;1.00,0.00,2.00,-4.00,0.00,-1.00,-1.00,0.00 
2017/11/08 12:54:16;03,04;11.00,22.00,2.00,1.00,-1.00,0.00,-1.00,0.00 
2017/11/08 12:54:17;03,04;0.00,32.00,2.00,2.00,-2.00,2.00,-1.00,1.00 
2017/11/08 12:54:17;04,05;-1.00,0.00,-1.00,1.00,-9.00,-3.00,-3.00,-1.00 
2017/11/08 12:54:17;03,05;0.00,0.00,0.00,-11.00,0.00,-1.00,-1.00,-1.00 
2017/11/08 12:54:17;03,04;-7.00,32.00,14.00,2.00,-1.00,1.00,-1.00,12.00 
2017/11/08 12:54:17;04,04;0.00,0.00,0.00,0.00,1.00,3.00,1.00,-10.00 
2017/11/08 12:54:17;03,04;-8.00,31.00,30.00,4.00,0.00,3.00,5.00,5.00 
2017/11/08 12:54:17;03,05;-1.00,-1.00,-3.00,-9.00,-1.00,0.00,0.00,-2.00 
2017/11/08 12:54:17;04,04;0.00,1.00,0.00,0.00,1.00,3.00,-1.00,-11.00 
2017/11/08 12:54:17;03,04;-4.00,26.00,23.00,8.00,0.00,3.00,3.00,11.00 
2017/11/08 12:54:17;03,04;-2.00,19.00,26.00,9.00,0.00,3.00,1.00,11.00 
2017/11/08 12:54:18;03,04;1.00,8.00,23.00,8.00,-1.00,2.00,0.00,10.00 
2017/11/08 12:54:18;03,05;0.00,-1.00,-5.00,8.00,10.00,1.00,0.00,-1.00 
2017/11/08 12:54:18;04,04;0.00,0.00,0.00,0.00,1.00,3.00,-6.00,-12.00 
2017/11/08 12:54:18;03,05;-1.00,-1.00,-6.00,-1.00,83.00,54.00,4.00,-1.00 
2017/11/08 12:54:18;03,05;-3.00,-1.00,-6.00,-1.00,53.00,37.00,-1.00,-4.00 
2017/11/08 12:54:18;03,04;-2.00,6.00,8.00,10.00,3.00,8.00,6.00,20.00 
2017/11/08 12:54:18;03,05;1.00,0.00,-6.00,-1.00,61.00,56.00,6.00,0.00 
2017/11/08 12:54:18;03,04;-4.00,2.00,6.00,1.00,2.00,5.00,1.00,1.00 
2017/11/08 12:54:18;04,04;-1.00,0.00,-1.00,-1.00,0.00,2.00,-5.00,-11.00 
2017/11/08 12:54:18;03,05;0.00,-1.00,-6.00,-1.00,55.00,36.00,6.00,0.00 
2017/11/08 12:54:18;03,04;-6.00,1.00,5.00,-1.00,-3.00,-2.00,14.00,25.00 
2017/11/08 12:54:18;03,05;-1.00,-1.00,-6.00,-1.00,48.00,21.00,3.00,0.00 
2017/11/08 12:54:18;03,05;1.00,1.00,-6.00,-1.00,119.00,59.00,4.00,0.00 
2017/11/08 12:54:18;03,04;-6.00,1.00,5.00,1.00,-1.00,-1.00,-21.00,-6.00 
2017/11/08 12:54:18;03,05;1.00,-1.00,-6.00,-1.00,46.00,-25.00,5.00,0.00 
2017/11/08 12:54:19;02,05;0.00,17.00,-1.00,-2.00,-2.00,-1.00,0.00,-1.00 
2017/11/08 12:54:19;03,05;0.00,-1.00,-6.00,-1.00,9.00,46.00,7.00,0.00 
2017/11/08 12:54:19;03,04;-6.00,0.00,5.00,1.00,-2.00,0.00,-16.00,-3.00 
2017/11/08 12:54:19;02,05;0.00,29.00,0.00,-1.00,-2.00,1.00,0.00,-1.00 
2017/11/08 12:54:19;03,05;0.00,0.00,-6.00,-1.00,6.00,-58.00,9.00,0.00 
2017/11/08 12:54:19;03,05;0.00,-1.00,-6.00,-2.00,5.00,-46.00,9.00,0.00 
2017/11/08 12:54:19;03,05;-3.00,-1.00,-7.00,-2.00,5.00,-36.00,27.00,-1.00 
2017/11/08 12:54:19;02,05;0.00,19.00,2.00,-1.00,-1.00,-2.00,0.00,-1.00 
2017/11/08 12:54:19;03,04;-5.00,-2.00,4.00,-1.00,-1.00,-1.00,-10.00,-1.00 
2017/11/08 12:54:19;03,05;-2.00,-1.00,-7.00,-2.00,5.00,-26.00,-22.00,-4.00 
2017/11/08 12:54:19;02,05;3.00,16.00,1.00,-2.00,-2.00,-2.00,0.00,-1.00 
2017/11/08 12:54:19;03,06;-1.00,0.00,-1.00,-1.00,1.00,12.00,-1.00,0.00 
2017/11/08 12:54:19;02,06;0.00,-1.00,-8.00,10.00,2.00,-1.00,-1.00,-1.00 
2017/11/08 12:54:19;03,05;-2.00,-1.00,-7.00,-2.00,5.00,-13.00,-16.00,-2.00 
2017/11/08 12:54:19;02,06;0.00,-1.00,54.00,13.00,0.00,-1.00,-1.00,-1.00 
2017/11/08 12:54:19;02,05;0.00,28.00,3.00,0.00,-2.00,-1.00,0.00,-1.00 
2017/11/08 12:54:19;02,06;0.00,-1.00,33.00,14.00,1.00,-1.00,-1.00,-1.00 
2017/11/08 12:54:20;03,05;-1.00,-1.00,-8.00,-2.00,5.00,-7.00,-11.00,0.00 
2017/11/08 12:54:20;02,05;2.00,34.00,5.00,2.00,-1.00,0.00,0.00,-1.00 
2017/11/08 12:54:20;03,04;-5.00,-4.00,3.00,0.00,0.00,1.00,-5.00,0.00 
2017/11/08 12:54:20;02,06;0.00,-1.00,48.00,18.00,2.00,0.00,0.00,-1.00 
2017/11/08 12:54:20;02,06;0.00,-1.00,33.00,20.00,2.00,0.00,-1.00,-1.00 
2017/11/08 12:54:20;03,05;-1.00,-1.00,-8.00,-3.00,5.00,-2.00,-6.00,0.00 
2017/11/08 12:54:20;02,05;-24.00,-11.00,-2.00,-1.00,-2.00,-1.00,0.00,52.00 
2017/11/08 12:54:20;02,06;0.00,-1.00,27.00,19.00,127.00,-2.00,-1.00,-1.00 
2017/11/08 12:54:20;02,05;-14.00,-10.00,-1.00,2.00,0.00,-1.00,1.00,-18.00 
2017/11/08 12:54:20;02,05;-7.00,-9.00,-1.00,0.00,-1.00,-1.00,-1.00,-10.00 
2017/11/08 12:54:20;03,06;-1.00,-1.00,-1.00,-1.00,0.00,5.00,-4.00,0.00 
2017/11/08 12:54:20;02,06;-1.00,-1.00,13.00,16.00,27.00,127.00,14.00,-1.00 
2017/11/08 12:54:20;02,05;-2.00,-8.00,0.00,2.00,0.00,2.00,-1.00,-1.00 
2017/11/08 12:54:20;02,06;0.00,-1.00,-1.00,11.00,54.00,60.00,14.00,1.00 
2017/11/08 12:54:20;03,05;0.00,0.00,-7.00,-3.00,4.00,1.00,-2.00,0.00 
2017/11/08 12:54:20;03,06;-1.00,-1.00,-1.00,-1.00,-6.00,1.00,-1.00,0.00 
2017/11/08 12:54:20;02,06;28.00,-5.00,-2.00,6.00,43.00,30.00,12.00,12.00 
2017/11/08 12:54:20;03,04;-6.00,-4.00,2.00,-1.00,-1.00,-1.00,-2.00,0.00 
2017/11/08 12:54:20;02,06;-16.00,-4.00,-2.00,5.00,41.00,25.00,7.00,30.00 
2017/11/08 12:54:21;02,07;-1.00,-1.00,-1.00,0.00,66.00,10.00,3.00,0.00 
2017/11/08 12:54:21;02,05;0.00,-5.00,2.00,2.00,-1.00,-1.00,-1.00,-1.00 
2017/11/08 12:54:21;02,06;0.00,-1.00,-1.00,5.00,54.00,48.00,8.00,-15.00 
2017/11/08 12:54:21;03,06;-1.00,-1.00,-1.00,-1.00,0.00,0.00,-2.00,0.00 
2017/11/08 12:54:21;02,06;0.00,-1.00,-1.00,5.00,46.00,29.00,8.00,-12.00 
2017/11/08 12:54:21;02,06;0.00,-1.00,-1.00,4.00,33.00,25.00,8.00,-10.00 
2017/11/08 12:54:21;02,06;-1.00,0.00,1.00,3.00,-40.00,-52.00,12.00,-5.00 
2017/11/08 12:54:21;02,07;-1.00,-1.00,-1.00,0.00,52.00,39.00,24.00,0.00 
2017/11/08 12:54:21;03,06;0.00,0.00,0.00,0.00,-1.00,-1.00,0.00,-1.00 
2017/11/08 12:54:21;02,07;-1.00,-1.00,-1.00,0.00,65.00,39.00,17.00,0.00 
2017/11/08 12:54:21;02,06;-1.00,0.00,1.00,1.00,-23.00,-38.00,5.00,8.00 
2017/11/08 12:54:21;03,05;-1.00,0.00,-8.00,-5.00,3.00,3.00,0.00,0.00 
2017/11/08 12:54:21;02,06;-1.00,0.00,1.00,1.00,-16.00,-27.00,-2.00,3.00 
2017/11/08 12:54:21;02,05;1.00,-1.00,2.00,0.00,-2.00,-1.00,-1.00,-1.00 
2017/11/08 12:54:21;02,07;-1.00,-1.00,-1.00,0.00,52.00,78.00,14.00,0.00 
2017/11/08 12:54:21;01,07;-1.00,39.00,-8.00,0.00,-1.00,-2.00,-7.00,-1.00 
2017/11/08 12:54:21;02,07;-1.00,-1.00,-1.00,0.00,36.00,-11.00,64.00,3.00 
2017/11/08 12:54:22;02,07;0.00,0.00,0.00,-1.00,-34.00,-26.00,59.00,8.00 
2017/11/08 12:54:22;01,07;5.00,6.00,0.00,0.00,-1.00,-1.00,-6.00,0.00 
2017/11/08 12:54:22;02,07;0.00,0.00,0.00,-1.00,-25.00,-29.00,7.00,32.00 
2017/11/08 12:54:22;02,06;-1.00,0.00,2.00,0.00,3.00,-3.00,-2.00,3.00 
2017/11/08 12:54:22;02,07;0.00,0.00,0.00,-1.00,-17.00,-26.00,6.00,-22.00 
2017/11/08 12:54:22;03,05;0.00,2.00,-8.00,-6.00,2.00,3.00,1.00,-1.00 
2017/11/08 12:54:22;02,08;0.00,-1.00,-1.00,-2.00,7.00,127.00,9.00,0.00 
2017/11/08 12:54:22;02,06;-1.00,0.00,3.00,-1.00,4.00,-1.00,-2.00,3.00 
2017/11/08 12:54:22;02,07;0.00,0.00,0.00,-1.00,-7.00,-17.00,13.00,-9.00 
2017/11/08 12:54:22;02,08;-1.00,0.00,0.00,-1.00,-4.00,-128.00,50.00,8.00 
2017/11/08 12:54:22;01,07;3.00,8.00,0.00,-1.00,-4.00,1.00,-4.00,-3.00 
2017/11/08 12:54:22;02,08;-3.00,-2.00,-1.00,-2.00,-4.00,-128.00,101.00,25.00 
2017/11/08 12:54:22;02,06;-1.00,0.00,3.00,-1.00,4.00,-1.00,-2.00,2.00 
2017/11/08 12:54:23;01,08;-1.00,4.00,127.00,-7.00,-1.00,-1.00,0.00,0.00 
2017/11/08 12:54:23;01,08;-1.00,47.00,-99.00,-1.00,0.00,-1.00,-1.00,-1.00 
2017/11/08 12:54:23;02,06;-1.00,0.00,4.00,-2.00,5.00,0.00,-2.00,1.00 
2017/11/08 12:54:23;02,08;-1.00,0.00,1.00,-1.00,0.00,-112.00,-38.00,23.00 
2017/11/08 12:54:23;01,07;-2.00,1.00,1.00,1.00,-3.00,0.00,1.00,-5.00 
2017/11/08 12:54:23;02,08;0.00,0.00,0.00,-1.00,0.00,-106.00,-50.00,7.00 
2017/11/08 12:54:23;01,08;2.00,108.00,-70.00,1.00,0.00,1.00,-1.00,-1.00 
2017/11/08 12:54:23;01,08;6.00,79.00,-58.00,1.00,0.00,0.00,-2.00,-2.00 
2017/11/08 12:54:23;02,06;-1.00,0.00,4.00,-2.00,5.00,0.00,-2.00,1.00 
2017/11/08 12:54:23;02,08;0.00,-1.00,-1.00,-1.00,0.00,-90.00,-49.00,-5.00 
2017/11/08 12:54:23;01,08;1.00,49.00,-51.00,1.00,0.00,0.00,-2.00,-2.00 
2017/11/08 12:54:23;01,08;2.00,57.00,-46.00,2.00,1.00,1.00,-1.00,1.00 
2017/11/08 12:54:23;01,09;-1.00,-1.00,-30.00,-93.00,6.00,1.00,2.00,0.00 
2017/11/08 12:54:24;01,08;6.00,70.00,-40.00,1.00,0.00,1.00,4.00,29.00 
2017/11/08 12:54:24;02,08;0.00,-1.00,0.00,-1.00,0.00,-80.00,-36.00,-4.00 
2017/11/08 12:54:24;01,09;-1.00,-1.00,-21.00,-78.00,-6.00,-2.00,-1.00,-2.00 
2017/11/08 12:54:24;01,08;8.00,51.00,-35.00,0.00,-1.00,0.00,0.00,78.00 
2017/11/08 12:54:24;02,08;-2.00,-1.00,0.00,-1.00,0.00,-75.00,-31.00,-4.00 
2017/11/08 12:54:24;01,08;7.00,59.00,-29.00,0.00,-1.00,-2.00,-1.00,39.00 
2017/11/08 12:54:24;01,09;-1.00,0.00,-10.00,-52.00,-1.00,-2.00,-1.00,0.00 
2017/11/08 12:54:24;01,08;7.00,57.00,-23.00,0.00,0.00,-1.00,-1.00,23.00 
2017/11/08 12:54:24;02,08;0.00,0.00,0.00,-1.00,0.00,-65.00,-21.00,-4.00 
2017/11/08 12:54:24;02,08;-1.00,0.00,1.00,-1.00,0.00,-60.00,-17.00,-3.00 
2017/11/08 12:54:24;01,08;7.00,49.00,-17.00,0.00,-1.00,-2.00,-2.00,26.00 
2017/11/08 12:54:24;01,09;-1.00,0.00,-5.00,-34.00,1.00,0.00,-1.00,-1.00 
2017/11/08 12:54:24;01,09;-1.00,0.00,-3.00,-25.00,1.00,0.00,0.00,-1.00 
2017/11/08 12:54:24;01,08;9.00,14.00,-4.00,2.00,0.00,0.00,-1.00,29.00 
2017/11/08 12:54:24;01,09;-1.00,0.00,-2.00,-18.00,2.00,0.00,0.00,0.00 
2017/11/08 12:54:24;01,08;12.00,33.00,8.00,3.00,0.00,-1.00,-1.00,21.00 
2017/11/08 12:54:25;01,08;11.00,39.00,12.00,2.00,0.00,-2.00,-2.00,26.00 
2017/11/08 12:54:25;01,09;0.00,-1.00,1.00,6.00,1.00,-1.00,-1.00,0.00 
2017/11/08 12:54:25;02,08;-1.00,-1.00,1.00,0.00,-1.00,-20.00,1.00,0.00 
2017/11/08 12:54:25;01,08;11.00,39.00,14.00,1.00,-2.00,-1.00,-1.00,23.00 
2017/11/08 12:54:25;01,08;11.00,42.00,18.00,2.00,-1.00,-2.00,-1.00,25.00 
2017/11/08 12:54:25;01,09;0.00,-1.00,1.00,10.00,0.00,-1.00,-1.00,0.00 
2017/11/08 12:54:25;01,08;11.00,39.00,21.00,2.00,-2.00,-1.00,-1.00,23.00 
2017/11/08 12:54:25;02,08;-3.00,-2.00,0.00,0.00,-1.00,-8.00,2.00,0.00 
2017/11/08 12:54:25;01,08;10.00,43.00,22.00,2.00,0.00,-1.00,-1.00,26.00 
2017/11/08 12:54:26;01,09;0.00,-1.00,1.00,11.00,0.00,-2.00,-1.00,0.00 
2017/11/08 12:54:26;02,08;-1.00,-1.00,0.00,0.00,-1.00,-3.00,3.00,0.00 
2017/11/08 12:54:26;03,04;-6.00,-4.00,-3.00,0.00,0.00,0.00,0.00,-1.00 
2017/11/08 12:54:26;01,08;10.00,44.00,24.00,2.00,0.00,0.00,-1.00,28.00 
2017/11/08 12:54:26;01,08;9.00,44.00,23.00,2.00,-1.00,-1.00,-1.00,27.00 
2017/11/08 12:54:26;01,09;0.00,-1.00,2.00,12.00,1.00,0.00,-2.00,1.00 
2017/11/08 12:54:26;03,04;-6.00,-4.00,-1.00,-1.00,0.00,-1.00,0.00,-1.00 
2017/11/08 12:54:27;02,08;-2.00,-1.00,2.00,0.00,-2.00,-1.00,3.00,1.00 
2017/11/08 12:54:27;01,08;10.00,55.00,21.00,1.00,0.00,-2.00,0.00,24.00 
2017/11/08 12:54:27;03,04;-6.00,-4.00,-3.00,-1.00,0.00,0.00,0.00,-1.00 
2017/11/08 12:54:27;03,04;-5.00,-4.00,-1.00,-1.00,0.00,1.00,0.00,-1.00 
2017/11/08 12:54:27;01,08;10.00,75.00,14.00,0.00,1.00,-1.00,0.00,-7.00 
2017/11/08 12:54:27;01,09;0.00,-1.00,1.00,18.00,12.00,0.00,0.00,1.00 
2017/11/08 12:54:27;01,09;0.00,-1.00,2.00,36.00,27.00,-1.00,0.00,2.00 
2017/11/08 12:54:27;01,08;4.00,62.00,21.00,-1.00,1.00,-2.00,-1.00,-13.00 
2017/11/08 12:54:27;01,09;-1.00,0.00,12.00,15.00,26.00,0.00,-1.00,0.00 
2017/11/08 12:54:28;01,09;-1.00,0.00,10.00,18.00,19.00,2.00,-2.00,1.00 
2017/11/08 12:54:28;01,09;-1.00,0.00,7.00,25.00,27.00,2.00,-1.00,1.00 
2017/11/08 12:54:28;01,08;4.00,49.00,21.00,0.00,1.00,-1.00,-1.00,-4.00 
2017/11/08 12:54:28;01,09;-1.00,0.00,7.00,29.00,23.00,2.00,-1.00,0.00 
2017/11/08 12:54:28;01,09;-1.00,0.00,7.00,41.00,24.00,2.00,0.00,1.00 
2017/11/08 12:54:28;01,08;22.00,103.00,5.00,-1.00,1.00,-2.00,-1.00,-1.00 
2017/11/08 12:54:29;01,08;15.00,39.00,5.00,-2.00,1.00,-1.00,-1.00,-1.00 
2017/11/08 12:54:29;01,08;11.00,41.00,5.00,0.00,0.00,-2.00,-1.00,0.00 
2017/11/08 12:54:29;01,09;-1.00,0.00,7.00,36.00,21.00,2.00,-1.00,0.00 
2017/11/08 12:54:29;01,08;10.00,42.00,5.00,-1.00,-1.00,-2.00,-1.00,0.00 
2017/11/08 12:54:29;01,09;-1.00,0.00,7.00,38.00,24.00,2.00,0.00,0.00 
2017/11/08 12:54:29;01,09;-1.00,0.00,7.00,38.00,22.00,2.00,0.00,1.00 
2017/11/08 12:54:29;01,08;13.00,45.00,5.00,0.00,0.00,-2.00,-1.00,0.00 
2017/11/08 12:54:29;01,09;-1.00,0.00,7.00,35.00,25.00,2.00,0.00,1.00 
2017/11/08 12:54:30;01,08;13.00,46.00,4.00,-1.00,-1.00,0.00,1.00,-1.00 
2017/11/08 12:54:30;01,09;-1.00,0.00,7.00,34.00,23.00,2.00,-1.00,1.00 
2017/11/08 12:54:30;01,07;0.00,-1.00,1.00,0.00,-1.00,-2.00,-10.00,-2.00 
2017/11/08 12:54:30;01,07;0.00,1.00,0.00,0.00,-2.00,-2.00,-7.00,-3.00 
2017/11/08 12:54:30;01,08;8.00,12.00,6.00,-2.00,-1.00,0.00,1.00,-2.00 
2017/11/08 12:54:31;03,05;-1.00,-1.00,-5.00,-4.00,-2.00,-2.00,0.00,1.00 
2017/11/08 12:54:31;01,09;0.00,-1.00,6.00,41.00,24.00,1.00,0.00,0.00 
2017/11/08 12:54:31;01,08;9.00,26.00,6.00,-1.00,0.00,-1.00,0.00,0.00 
2017/11/08 12:54:31;01,07;1.00,1.00,0.00,-1.00,0.00,-3.00,-6.00,-1.00 
2017/11/08 12:54:31;01,08;7.00,26.00,6.00,-1.00,-1.00,0.00,1.00,-2.00 
2017/11/08 12:54:31;01,09;0.00,-1.00,8.00,43.00,23.00,1.00,0.00,0.00 
2017/11/08 12:54:31;03,05;0.00,1.00,-5.00,-4.00,-1.00,-1.00,0.00,0.00 
2017/11/08 12:54:31;01,09;0.00,-1.00,6.00,41.00,25.00,1.00,-1.00,0.00 
2017/11/08 12:54:31;01,09;0.00,-1.00,6.00,43.00,23.00,1.00,0.00,0.00 
2017/11/08 12:54:31;01,09;0.00,-1.00,8.00,41.00,25.00,1.00,0.00,0.00 
2017/11/08 12:54:31;01,07;0.00,-1.00,0.00,-1.00,-4.00,-2.00,-3.00,-1.00 
2017/11/08 12:54:31;01,08;7.00,30.00,8.00,-1.00,0.00,-1.00,1.00,-1.00 
2017/11/08 12:54:31;01,09;0.00,-1.00,7.00,42.00,23.00,1.00,1.00,0.00 
2017/11/08 12:54:31;03,05;-1.00,-1.00,-5.00,-5.00,-2.00,-1.00,0.00,0.00 
2017/11/08 12:54:31;01,09;0.00,-1.00,7.00,42.00,25.00,1.00,0.00,0.00 
2017/11/08 12:54:32;01,09;0.00,-1.00,7.00,39.00,21.00,1.00,0.00,0.00 
2017/11/08 12:54:32;01,08;6.00,28.00,8.00,-1.00,-1.00,0.00,0.00,-2.00 
2017/11/08 12:54:32;03,05;0.00,1.00,-5.00,-4.00,-2.00,-1.00,0.00,1.00 
2017/11/08 12:54:32;01,09;0.00,-2.00,8.00,43.00,25.00,1.00,0.00,-1.00 
2017/11/08 12:54:33;01,09;0.00,-1.00,7.00,44.00,21.00,1.00,1.00,-1.00 
2017/11/08 12:54:33;01,09;0.00,-1.00,7.00,41.00,24.00,1.00,0.00,0.00 
2017/11/08 12:54:34;01,09;0.00,-1.00,8.00,43.00,22.00,1.00,1.00,0.00 
2017/11/08 12:54:34;01,09;-1.00,0.00,7.00,41.00,25.00,0.00,-1.00,0.00 
2017/11/08 12:54:34;01,09;-1.00,0.00,6.00,39.00,20.00,0.00,0.00,1.00 
2017/11/08 12:54:34;01,07;0.00,-1.00,-1.00,0.00,-1.00,-1.00,1.00,-1.00 
2017/11/08 12:54:35;01,09;-1.00,-1.00,6.00,43.00,24.00,0.00,-1.00,1.00 
2017/11/08 12:54:35;01,09;-1.00,0.00,7.00,44.00,21.00,0.00,-1.00,1.00 
2017/11/08 12:54:35;01,07;0.00,0.00,0.00,1.00,-1.00,-2.00,-1.00,-1.00 
2017/11/08 12:54:35;01,07;0.00,-1.00,-1.00,1.00,0.00,-5.00,-3.00,-1.00 
2017/11/08 12:54:36;01,07;1.00,-1.00,-1.00,0.00,-3.00,-4.00,0.00,0.00 
2017/11/08 12:54:36;01,09;-1.00,0.00,6.00,44.00,25.00,0.00,-1.00,1.00 
2017/11/08 12:54:36;01,09;-1.00,0.00,7.00,38.00,22.00,0.00,-1.00,0.00 
2017/11/08 12:54:40;01,08;0.00,34.00,6.00,0.00,-2.00,-1.00,0.00,-2.00 
2017/11/08 12:54:40;01,08;-7.00,52.00,7.00,-1.00,-2.00,0.00,0.00,-2.00 
2017/11/08 12:54:41;01,08;-8.00,38.00,7.00,-1.00,-1.00,0.00,1.00,-2.00 
2017/11/08 12:54:41;01,09;-1.00,0.00,3.00,29.00,20.00,2.00,0.00,-1.00 
2017/11/08 12:54:41;01,09;-1.00,0.00,0.00,22.00,19.00,2.00,1.00,-1.00 
2017/11/08 12:54:41;01,08;-2.00,72.00,6.00,0.00,-1.00,1.00,-1.00,-1.00 
2017/11/08 12:54:41;01,08;-1.00,87.00,7.00,0.00,-1.00,1.00,1.00,-3.00 
2017/11/08 12:54:41;01,09;-1.00,0.00,-5.00,0.00,5.00,0.00,0.00,-1.00 
2017/11/08 12:54:42;01,08;5.00,72.00,5.00,0.00,0.00,1.00,0.00,-3.00 
2017/11/08 12:54:42;01,08;1.00,75.00,3.00,0.00,-1.00,0.00,0.00,-3.00 
2017/11/08 12:54:42;01,09;-1.00,0.00,-1.00,7.00,3.00,-2.00,-4.00,2.00 
2017/11/08 12:54:42;01,09;-1.00,-1.00,-5.00,3.00,4.00,3.00,4.00,-2.00 
2017/11/08 12:54:42;01,09;-1.00,0.00,-3.00,3.00,5.00,11.00,13.00,-1.00 
2017/11/08 12:54:42;01,08;-1.00,-65.00,3.00,1.00,-1.00,1.00,1.00,-2.00 
2017/11/08 12:54:42;01,09;1.00,0.00,-1.00,4.00,10.00,25.00,37.00,3.00 
2017/11/08 12:54:42;01,08;-2.00,-54.00,-3.00,2.00,0.00,2.00,1.00,-1.00 
2017/11/08 12:54:43;01,09;0.00,0.00,-2.00,4.00,12.00,25.00,24.00,3.00 
2017/11/08 12:54:43;01,08;0.00,-44.00,-6.00,0.00,0.00,3.00,3.00,10.00 
2017/11/08 12:54:43;01,09;0.00,0.00,-2.00,4.00,12.00,25.00,24.00,3.00 
2017/11/08 12:54:43;01,08;-3.00,-35.00,-6.00,0.00,0.00,2.00,6.00,33.00 
2017/11/08 12:54:43;01,08;-4.00,-25.00,-6.00,0.00,-1.00,-1.00,-1.00,-42.00 
2017/11/08 12:54:43;01,09;1.00,0.00,-3.00,4.00,13.00,47.00,32.00,5.00 
2017/11/08 12:54:43;01,09;1.00,0.00,-3.00,4.00,13.00,56.00,31.00,4.00 
2017/11/08 12:54:43;01,08;-4.00,-2.00,-6.00,0.00,0.00,1.00,0.00,-11.00 
2017/11/08 12:54:43;01,09;3.00,0.00,-3.00,4.00,12.00,40.00,43.00,5.00 
2017/11/08 12:54:43;01,09;3.00,0.00,-3.00,4.00,8.00,13.00,47.00,5.00 
2017/11/08 12:54:44;01,09;2.00,0.00,-3.00,4.00,5.00,19.00,-1.00,4.00 
2017/11/08 12:54:44;01,09;-2.00,-1.00,-2.00,3.00,1.00,5.00,-2.00,0.00 
2017/11/08 12:54:44;01,08;-4.00,6.00,-5.00,0.00,-1.00,1.00,0.00,-5.00 
2017/11/08 12:54:44;01,09;-2.00,-1.00,-1.00,3.00,0.00,-5.00,-2.00,-2.00 
2017/11/08 12:54:44;01,08;-6.00,7.00,-5.00,0.00,-1.00,0.00,0.00,-6.00 
2017/11/08 12:54:44;01,09;-3.00,-3.00,-6.00,1.00,-1.00,-12.00,-2.00,-4.00 
2017/11/08 12:54:44;01,07;-1.00,1.00,1.00,-1.00,-3.00,0.00,-10.00,2.00 
2017/11/08 12:54:45;01,08;-7.00,6.00,-5.00,0.00,0.00,2.00,0.00,-4.00 
2017/11/08 12:54:45;01,09;-2.00,-1.00,-3.00,0.00,-2.00,-6.00,-2.00,-2.00 
2017/11/08 12:54:45;01,07;0.00,-1.00,-1.00,-1.00,-2.00,0.00,-8.00,1.00 
2017/11/08 12:54:45;01,09;-2.00,-1.00,-2.00,1.00,-2.00,-3.00,-2.00,-2.00 
2017/11/08 12:54:45;01,07;0.00,-1.00,0.00,0.00,-3.00,0.00,-4.00,1.00 
2017/11/08 12:54:46;01,07;-1.00,0.00,-1.00,0.00,-2.00,3.00,-2.00,0.00 
2017/11/08 12:54:46;01,07;0.00,0.00,0.00,-1.00,-3.00,4.00,1.00,0.00 
2017/11/08 12:54:46;01,07;-1.00,0.00,0.00,0.00,-2.00,3.00,0.00,1.00 
2017/11/08 12:54:47;01,07;0.00,-1.00,0.00,0.00,-4.00,2.00,1.00,1.00 
2017/11/08 12:54:47;01,07;-1.00,1.00,-1.00,0.00,-1.00,0.00,0.00,-1.00 
2017/11/08 12:54:48;03,04;0.00,-1.00,0.00,-1.00,-1.00,0.00,1.00,0.00 
2017/11/08 12:54:48;03,04;0.00,-1.00,0.00,-1.00,-2.00,0.00,1.00,0.00 
2017/11/08 12:54:49;03,04;0.00,-1.00,0.00,-2.00,-3.00,0.00,0.00,0.00 
2017/11/08 12:54:49;03,04;1.00,-1.00,-1.00,0.00,-2.00,1.00,1.00,0.00 
